transaction_id,transaction_date,transaction_time,store_code,store_name,city,state,country,item_name,category,subcategory,size,quantity,unit_price,line_total,customer_name,loyalty_tier
10001,2024-01-01,08:15,ST006,Bondi,Sydney,NSW,Australia,Veggie Wrap,Sandwich,Cold,regular,2,8.0,16.0,Noah Brown,Gold
10002,2024-01-01,07:00,ST004,George St,Sydney,NSW,Australia,Long Black,Coffee,Black Coffee,regular,1,4.2,4.2,Emma Smith,Gold
10002,2024-01-01,07:00,ST004,George St,Sydney,NSW,Australia,Croissant,Pastry,Baked,regular,2,4.5,9.0,Emma Smith,Gold
10003,2024-01-01,08:30,ST007,Queen St Mall,Brisbane,QLD,Australia,Flat White Large,Coffee,Milk Coffee,large,1,5.5,5.5,,
10003,2024-01-01,08:30,ST007,Queen St Mall,Brisbane,QLD,Australia,Cappuccino,Coffee,Milk Coffee,regular,1,4.8,4.8,,
10004,2024-01-02,12:45,ST012,Norwood,Adelaide,SA,Australia,Blueberry Muffin,Pastry,Muffin,regular,2,4.8,9.6,Henry Garcia,Gold
10005,2024-01-02,08:30,ST012,Norwood,Adelaide,SA,Australia,Almond Croissant,Pastry,Baked,regular,1,5.5,5.5,Noah Brown,Gold
10005,2024-01-02,08:30,ST012,Norwood,Adelaide,SA,Australia,Ham & Cheese Toastie,Sandwich,Hot,regular,2,8.5,17.0,Noah Brown,Gold
10006,2024-01-03,13:00,ST008,West End,Brisbane,QLD,Australia,Almond Croissant,Pastry,Baked,regular,1,5.5,5.5,,
10006,2024-01-03,13:00,ST008,West End,Brisbane,QLD,Australia,Matcha Latte,Tea,Specialty Tea,regular,1,5.8,5.8,,
10007,2024-01-03,11:15,ST010,Adelaide Central,Adelaide,SA,Australia,Matcha Latte,Tea,Specialty Tea,regular,2,5.8,11.6,Charlotte Jackson,Gold
10007,2024-01-03,11:15,ST010,Adelaide Central,Adelaide,SA,Australia,Latte Large,Coffee,Milk Coffee,large,1,5.5,5.5,Charlotte Jackson,Gold
10008,2024-01-03,13:30,ST008,West End,Brisbane,QLD,Australia,Sparkling Water,Beverage,Water,bottle,2,3.5,7.0,Ethan White,Silver
10009,2024-01-04,07:45,ST008,West End,Brisbane,QLD,Australia,Latte,Coffee,Milk Coffee,regular,1,4.8,4.8,Grace Lewis,Gold
10010,2024-01-04,18:45,ST008,West End,Brisbane,QLD,Australia,Flat White,Coffee,Milk Coffee,regular,2,4.8,9.6,Liam Johnson,Silver
10010,2024-01-04,18:45,ST008,West End,Brisbane,QLD,Australia,Almond Croissant,Pastry,Baked,regular,1,5.5,5.5,Liam Johnson,Silver
10011,2024-01-04,07:45,ST004,George St,Sydney,NSW,Australia,Long Black,Coffee,Black Coffee,regular,2,4.2,8.4,,
10012,2024-01-04,08:15,ST003,Fitzroy,Melbourne,VIC,Australia,Flat White,Coffee,Milk Coffee,regular,1,4.8,4.8,Olivia Williams,Bronze
10013,2024-01-05,11:45,ST011,Glenelg,Adelaide,SA,Australia,Cold Brew,Coffee,Cold Coffee,large,1,5.8,5.8,Ella Robinson,Silver
10013,2024-01-05,11:45,ST011,Glenelg,Adelaide,SA,Australia,Long Black,Coffee,Black Coffee,regular,1,4.2,4.2,Ella Robinson,Silver
10014,2024-01-05,10:45,ST002,Southbank,Melbourne,VIC,Australia,Cappuccino,Coffee,Milk Coffee,regular,1,4.8,4.8,,
10015,2024-01-06,06:15,ST002,Southbank,Melbourne,VIC,Australia,Double Espresso,Coffee,Espresso,double,1,4.5,4.5,,
10015,2024-01-06,06:15,ST002,Southbank,Melbourne,VIC,Australia,Flat White Large,Coffee,Milk Coffee,large,1,5.5,5.5,,
10016,2024-01-06,19:45,ST002,Southbank,Melbourne,VIC,Australia,Long Black,Coffee,Black Coffee,regular,2,4.2,8.4,,
10016,2024-01-06,19:45,ST002,Southbank,Melbourne,VIC,Australia,Almond Croissant,Pastry,Baked,regular,1,5.5,5.5,,
10016,2024-01-06,19:45,ST002,Southbank,Melbourne,VIC,Australia,Latte Large,Coffee,Milk Coffee,large,1,5.5,5.5,,
10017,2024-01-06,16:00,ST005,Surry Hills,Sydney,NSW,Australia,Flat White,Coffee,Milk Coffee,regular,1,4.8,4.8,Isabella Anderson,Silver
10018,2024-01-06,14:45,ST006,Bondi,Sydney,NSW,Australia,Long Black,Coffee,Black Coffee,regular,1,4.2,4.2,Zoe Allen,Gold
10019,2024-01-06,09:30,ST005,Surry Hills,Sydney,NSW,Australia,Flat White,Coffee,Milk Coffee,regular,1,4.8,4.8,Mia Moore,Bronze
10019,2024-01-06,09:30,ST005,Surry Hills,Sydney,NSW,Australia,Latte Large,Coffee,Milk Coffee,large,1,5.5,5.5,Mia Moore,Bronze
10020,2024-01-07,06:00,ST009,Fortitude Valley,Brisbane,QLD,Australia,Croissant,Pastry,Baked,regular,1,4.5,4.5,Lily King,Silver
10021,2024-01-07,07:45,ST006,Bondi,Sydney,NSW,Australia,Double Espresso,Coffee,Espresso,double,1,4.5,4.5,,
10021,2024-01-07,07:45,ST006,Bondi,Sydney,NSW,Australia,Cappuccino,Coffee,Milk Coffee,regular,1,4.8,4.8,,
10022,2024-01-08,14:15,ST008,West End,Brisbane,QLD,Australia,Long Black,Coffee,Black Coffee,regular,1,4.2,4.2,,
10022,2024-01-08,14:15,ST008,West End,Brisbane,QLD,Australia,Almond Croissant,Pastry,Baked,regular,1,5.5,5.5,,
10023,2024-01-08,14:00,ST007,Queen St Mall,Brisbane,QLD,Australia,Almond Croissant,Pastry,Baked,regular,1,5.5,5.5,Grace Lewis,Gold
10023,2024-01-08,14:00,ST007,Queen St Mall,Brisbane,QLD,Australia,Smoked Salmon Bagel,Sandwich,Cold,regular,1,10.0,10.0,Grace Lewis,Gold
10024,2024-01-09,07:00,ST011,Glenelg,Adelaide,SA,Australia,Earl Grey,Tea,Black Tea,regular,1,4.0,4.0,Ben Hall,Silver
10025,2024-01-09,08:30,ST008,West End,Brisbane,QLD,Australia,Long Black,Coffee,Black Coffee,regular,1,4.2,4.2,,
10026,2024-01-09,09:15,ST010,Adelaide Central,Adelaide,SA,Australia,Croissant,Pastry,Baked,regular,1,4.5,4.5,,
10027,2024-01-09,08:30,ST011,Glenelg,Adelaide,SA,Australia,Flat White,Coffee,Milk Coffee,regular,1,4.8,4.8,,
10027,2024-01-09,08:30,ST011,Glenelg,Adelaide,SA,Australia,Long Black,Coffee,Black Coffee,regular,1,4.2,4.2,,
10028,2024-01-10,19:30,ST004,George St,Sydney,NSW,Australia,Veggie Wrap,Sandwich,Cold,regular,1,8.0,8.0,Lily King,Silver
10029,2024-01-10,08:00,ST008,West End,Brisbane,QLD,Australia,Latte,Coffee,Milk Coffee,regular,1,4.8,4.8,,
10029,2024-01-10,08:00,ST008,West End,Brisbane,QLD,Australia,Flat White,Coffee,Milk Coffee,regular,1,4.8,4.8,,
10030,2024-01-10,09:45,ST007,Queen St Mall,Brisbane,QLD,Australia,Double Espresso,Coffee,Espresso,double,2,4.5,9.0,Ruby Scott,Bronze
10030,2024-01-10,09:45,ST007,Queen St Mall,Brisbane,QLD,Australia,Cappuccino,Coffee,Milk Coffee,regular,1,4.8,4.8,Ruby Scott,Bronze
10031,2024-01-11,18:45,ST007,Queen St Mall,Brisbane,QLD,Australia,Iced Latte,Coffee,Cold Coffee,large,2,6.0,12.0,,
10031,2024-01-11,18:45,ST007,Queen St Mall,Brisbane,QLD,Australia,Flat White Large,Coffee,Milk Coffee,large,1,5.5,5.5,,
10032,2024-01-11,09:45,ST005,Surry Hills,Sydney,NSW,Australia,Latte Large,Coffee,Milk Coffee,large,1,5.5,5.5,Emma Smith,Gold
10032,2024-01-11,09:45,ST005,Surry Hills,Sydney,NSW,Australia,Ham & Cheese Toastie,Sandwich,Hot,regular,1,8.5,8.5,Emma Smith,Gold
10033,2024-01-11,09:15,ST002,Southbank,Melbourne,VIC,Australia,Flat White,Coffee,Milk Coffee,regular,1,4.8,4.8,,
10033,2024-01-11,09:15,ST002,Southbank,Melbourne,VIC,Australia,Espresso,Coffee,Espresso,single,1,3.5,3.5,,
10034,2024-01-12,08:15,ST011,Glenelg,Adelaide,SA,Australia,Espresso,Coffee,Espresso,single,1,3.5,3.5,,
10035,2024-01-12,13:15,ST009,Fortitude Valley,Brisbane,QLD,Australia,Espresso,Coffee,Espresso,single,1,3.5,3.5,,
10035,2024-01-12,13:15,ST009,Fortitude Valley,Brisbane,QLD,Australia,Smoked Salmon Bagel,Sandwich,Cold,regular,1,10.0,10.0,,
10036,2024-01-13,07:00,ST001,CBD Flagship,Melbourne,VIC,Australia,Latte Large,Coffee,Milk Coffee,large,1,5.5,5.5,Jack Martin,Silver
10037,2024-01-13,11:15,ST004,George St,Sydney,NSW,Australia,Iced Latte,Coffee,Cold Coffee,large,2,6.0,12.0,Sam Wright,Gold
10037,2024-01-13,11:15,ST004,George St,Sydney,NSW,Australia,Croissant,Pastry,Baked,regular,1,4.5,4.5,Sam Wright,Gold
10038,2024-01-13,15:15,ST003,Fitzroy,Melbourne,VIC,Australia,Espresso,Coffee,Espresso,single,1,3.5,3.5,,
10038,2024-01-13,15:15,ST003,Fitzroy,Melbourne,VIC,Australia,Cold Brew,Coffee,Cold Coffee,large,1,5.8,5.8,,
10038,2024-01-13,15:15,ST003,Fitzroy,Melbourne,VIC,Australia,Double Espresso,Coffee,Espresso,double,1,4.5,4.5,,
10039,2024-01-13,19:00,ST008,West End,Brisbane,QLD,Australia,Latte Large,Coffee,Milk Coffee,large,1,5.5,5.5,,
10040,2024-01-13,07:15,ST008,West End,Brisbane,QLD,Australia,Latte,Coffee,Milk Coffee,regular,1,4.8,4.8,,
10041,2024-01-14,08:45,ST012,Norwood,Adelaide,SA,Australia,Chocolate Cookie,Pastry,Cookie,regular,1,3.5,3.5,,
10042,2024-01-14,19:15,ST001,CBD Flagship,Melbourne,VIC,Australia,Espresso,Coffee,Espresso,single,2,3.5,7.0,Aiden Clark,Bronze
10042,2024-01-14,19:15,ST001,CBD Flagship,Melbourne,VIC,Australia,Banana Bread,Pastry,Bread,slice,1,5.0,5.0,Aiden Clark,Bronze
10043,2024-01-14,20:15,ST011,Glenelg,Adelaide,SA,Australia,Latte,Coffee,Milk Coffee,regular,1,4.8,4.8,Chloe Walker,Bronze
10043,2024-01-14,20:15,ST011,Glenelg,Adelaide,SA,Australia,Flat White Large,Coffee,Milk Coffee,large,1,5.5,5.5,Chloe Walker,Bronze
10044,2024-01-14,10:45,ST006,Bondi,Sydney,NSW,Australia,Veggie Wrap,Sandwich,Cold,regular,1,8.0,8.0,,
10045,2024-01-15,07:00,ST001,CBD Flagship,Melbourne,VIC,Australia,Cold Brew,Coffee,Cold Coffee,large,1,5.8,5.8,Max Young,Bronze
10046,2024-01-15,09:00,ST005,Surry Hills,Sydney,NSW,Australia,Double Espresso,Coffee,Espresso,double,1,4.5,4.5,Ruby Scott,Bronze
10047,2024-01-16,14:30,ST002,Southbank,Melbourne,VIC,Australia,Egg & Bacon Roll,Sandwich,Hot,regular,1,7.5,7.5,Tom Green,Silver
10047,2024-01-16,14:30,ST002,Southbank,Melbourne,VIC,Australia,Latte Large,Coffee,Milk Coffee,large,1,5.5,5.5,Tom Green,Silver
10047,2024-01-16,14:30,ST002,Southbank,Melbourne,VIC,Australia,Blueberry Muffin,Pastry,Muffin,regular,1,4.8,4.8,Tom Green,Silver
10048,2024-01-16,09:30,ST004,George St,Sydney,NSW,Australia,Iced Latte,Coffee,Cold Coffee,large,2,6.0,12.0,,
10049,2024-01-17,08:00,ST011,Glenelg,Adelaide,SA,Australia,Earl Grey,Tea,Black Tea,regular,1,4.0,4.0,Emma Smith,Gold
10049,2024-01-17,08:00,ST011,Glenelg,Adelaide,SA,Australia,Iced Latte,Coffee,Cold Coffee,large,1,6.0,6.0,Emma Smith,Gold
10050,2024-01-17,18:00,ST002,Southbank,Melbourne,VIC,Australia,Iced Latte,Coffee,Cold Coffee,large,1,6.0,6.0,Tom Green,Silver
10051,2024-01-17,12:45,ST004,George St,Sydney,NSW,Australia,Espresso,Coffee,Espresso,single,1,3.5,3.5,,
10051,2024-01-17,12:45,ST004,George St,Sydney,NSW,Australia,Long Black,Coffee,Black Coffee,regular,1,4.2,4.2,,
10052,2024-01-18,08:15,ST008,West End,Brisbane,QLD,Australia,Flat White,Coffee,Milk Coffee,regular,1,4.8,4.8,,
10052,2024-01-18,08:15,ST008,West End,Brisbane,QLD,Australia,Long Black,Coffee,Black Coffee,regular,1,4.2,4.2,,
10053,2024-01-18,11:45,ST012,Norwood,Adelaide,SA,Australia,Orange Juice,Beverage,Juice,regular,1,5.5,5.5,,
10053,2024-01-18,11:45,ST012,Norwood,Adelaide,SA,Australia,Flat White,Coffee,Milk Coffee,regular,1,4.8,4.8,,
10054,2024-01-19,07:15,ST002,Southbank,Melbourne,VIC,Australia,Smoked Salmon Bagel,Sandwich,Cold,regular,1,10.0,10.0,,
10054,2024-01-19,07:15,ST002,Southbank,Melbourne,VIC,Australia,Cold Brew,Coffee,Cold Coffee,large,1,5.8,5.8,,
10055,2024-01-19,07:30,ST003,Fitzroy,Melbourne,VIC,Australia,Espresso,Coffee,Espresso,single,1,3.5,3.5,,
10056,2024-01-19,09:30,ST001,CBD Flagship,Melbourne,VIC,Australia,Long Black,Coffee,Black Coffee,regular,1,4.2,4.2,,
10057,2024-01-20,09:45,ST001,CBD Flagship,Melbourne,VIC,Australia,Banana Bread,Pastry,Bread,slice,2,5.0,10.0,,
10058,2024-01-20,20:00,ST001,CBD Flagship,Melbourne,VIC,Australia,Iced Latte,Coffee,Cold Coffee,large,1,6.0,6.0,,
10059,2024-01-20,15:00,ST005,Surry Hills,Sydney,NSW,Australia,Blueberry Muffin,Pastry,Muffin,regular,1,4.8,4.8,,
10060,2024-01-20,08:30,ST001,CBD Flagship,Melbourne,VIC,Australia,Latte,Coffee,Milk Coffee,regular,1,4.8,4.8,William Taylor,Gold
10061,2024-01-20,07:15,ST006,Bondi,Sydney,NSW,Australia,Long Black,Coffee,Black Coffee,regular,1,4.2,4.2,Grace Lewis,Gold
10061,2024-01-20,07:15,ST006,Bondi,Sydney,NSW,Australia,English Breakfast,Tea,Black Tea,regular,1,4.0,4.0,Grace Lewis,Gold
10062,2024-01-21,12:45,ST012,Norwood,Adelaide,SA,Australia,Banana Bread,Pastry,Bread,slice,1,5.0,5.0,Oliver Wilson,Silver
10062,2024-01-21,12:45,ST012,Norwood,Adelaide,SA,Australia,Earl Grey,Tea,Black Tea,regular,1,4.0,4.0,Oliver Wilson,Silver
10063,2024-01-21,06:45,ST008,West End,Brisbane,QLD,Australia,Double Espresso,Coffee,Espresso,double,1,4.5,4.5,,
10063,2024-01-21,06:45,ST008,West End,Brisbane,QLD,Australia,Hot Chocolate,Beverage,Chocolate,regular,2,5.0,10.0,,
10064,2024-01-22,16:00,ST009,Fortitude Valley,Brisbane,QLD,Australia,English Breakfast,Tea,Black Tea,regular,1,4.0,4.0,,
10065,2024-01-22,19:45,ST006,Bondi,Sydney,NSW,Australia,Espresso,Coffee,Espresso,single,1,3.5,3.5,Zoe Allen,Gold
10065,2024-01-22,19:45,ST006,Bondi,Sydney,NSW,Australia,Chicken Pesto Panini,Sandwich,Hot,regular,1,9.5,9.5,Zoe Allen,Gold
10066,2024-01-22,08:00,ST007,Queen St Mall,Brisbane,QLD,Australia,Latte,Coffee,Milk Coffee,regular,1,4.8,4.8,Olivia Williams,Bronze
10067,2024-01-23,14:30,ST009,Fortitude Valley,Brisbane,QLD,Australia,Latte Large,Coffee,Milk Coffee,large,1,5.5,5.5,Zoe Allen,Gold
10067,2024-01-23,14:30,ST009,Fortitude Valley,Brisbane,QLD,Australia,Chocolate Cookie,Pastry,Cookie,regular,1,3.5,3.5,Zoe Allen,Gold
10068,2024-01-23,09:45,ST007,Queen St Mall,Brisbane,QLD,Australia,Cold Brew,Coffee,Cold Coffee,large,1,5.8,5.8,,
10068,2024-01-23,09:45,ST007,Queen St Mall,Brisbane,QLD,Australia,Almond Croissant,Pastry,Baked,regular,1,5.5,5.5,,
10069,2024-01-23,09:15,ST012,Norwood,Adelaide,SA,Australia,Veggie Wrap,Sandwich,Cold,regular,1,8.0,8.0,Sam Wright,Gold
10070,2024-01-24,11:30,ST003,Fitzroy,Melbourne,VIC,Australia,Latte Large,Coffee,Milk Coffee,large,2,5.5,11.0,,
10070,2024-01-24,11:30,ST003,Fitzroy,Melbourne,VIC,Australia,Iced Latte,Coffee,Cold Coffee,large,1,6.0,6.0,,
10071,2024-01-24,10:45,ST012,Norwood,Adelaide,SA,Australia,Double Espresso,Coffee,Espresso,double,1,4.5,4.5,,
10072,2024-01-24,10:00,ST003,Fitzroy,Melbourne,VIC,Australia,Almond Croissant,Pastry,Baked,regular,2,5.5,11.0,,
10072,2024-01-24,10:00,ST003,Fitzroy,Melbourne,VIC,Australia,Long Black,Coffee,Black Coffee,regular,1,4.2,4.2,,
10073,2024-01-24,13:00,ST002,Southbank,Melbourne,VIC,Australia,Double Espresso,Coffee,Espresso,double,1,4.5,4.5,,
10074,2024-01-25,08:45,ST002,Southbank,Melbourne,VIC,Australia,Double Espresso,Coffee,Espresso,double,1,4.5,4.5,Isabella Anderson,Silver
10075,2024-01-25,20:00,ST008,West End,Brisbane,QLD,Australia,Double Espresso,Coffee,Espresso,double,1,4.5,4.5,,
10076,2024-01-25,09:45,ST008,West End,Brisbane,QLD,Australia,Latte,Coffee,Milk Coffee,regular,1,4.8,4.8,,
10076,2024-01-25,09:45,ST008,West End,Brisbane,QLD,Australia,Cappuccino,Coffee,Milk Coffee,regular,2,4.8,9.6,,
10077,2024-01-25,12:15,ST012,Norwood,Adelaide,SA,Australia,Long Black,Coffee,Black Coffee,regular,1,4.2,4.2,,
10078,2024-01-26,19:30,ST002,Southbank,Melbourne,VIC,Australia,Cold Brew,Coffee,Cold Coffee,large,1,5.8,5.8,,
10079,2024-01-26,09:30,ST001,CBD Flagship,Melbourne,VIC,Australia,Blueberry Muffin,Pastry,Muffin,regular,1,4.8,4.8,Noah Brown,Gold
10079,2024-01-26,09:30,ST001,CBD Flagship,Melbourne,VIC,Australia,Cold Brew,Coffee,Cold Coffee,large,1,5.8,5.8,Noah Brown,Gold
10080,2024-01-26,19:30,ST001,CBD Flagship,Melbourne,VIC,Australia,Orange Juice,Beverage,Juice,regular,1,5.5,5.5,,
10081,2024-01-26,18:00,ST006,Bondi,Sydney,NSW,Australia,Espresso,Coffee,Espresso,single,2,3.5,7.0,,
10081,2024-01-26,18:00,ST006,Bondi,Sydney,NSW,Australia,Flat White,Coffee,Milk Coffee,regular,1,4.8,4.8,,
10082,2024-01-27,20:30,ST003,Fitzroy,Melbourne,VIC,Australia,Double Espresso,Coffee,Espresso,double,1,4.5,4.5,Grace Lewis,Gold
10082,2024-01-27,20:30,ST003,Fitzroy,Melbourne,VIC,Australia,Green Tea,Tea,Green Tea,regular,2,4.0,8.0,Grace Lewis,Gold
10082,2024-01-27,20:30,ST003,Fitzroy,Melbourne,VIC,Australia,Espresso,Coffee,Espresso,single,1,3.5,3.5,Grace Lewis,Gold
10083,2024-01-27,13:45,ST003,Fitzroy,Melbourne,VIC,Australia,Double Espresso,Coffee,Espresso,double,1,4.5,4.5,,
10083,2024-01-27,13:45,ST003,Fitzroy,Melbourne,VIC,Australia,Flat White Large,Coffee,Milk Coffee,large,2,5.5,11.0,,
10084,2024-01-27,17:30,ST003,Fitzroy,Melbourne,VIC,Australia,Cold Brew,Coffee,Cold Coffee,large,1,5.8,5.8,,
10085,2024-01-27,10:15,ST009,Fortitude Valley,Brisbane,QLD,Australia,Ham & Cheese Toastie,Sandwich,Hot,regular,1,8.5,8.5,,
10085,2024-01-27,10:15,ST009,Fortitude Valley,Brisbane,QLD,Australia,Iced Latte,Coffee,Cold Coffee,large,1,6.0,6.0,,
10086,2024-01-27,17:15,ST005,Surry Hills,Sydney,NSW,Australia,Chicken Pesto Panini,Sandwich,Hot,regular,1,9.5,9.5,,
10086,2024-01-27,17:15,ST005,Surry Hills,Sydney,NSW,Australia,Green Tea,Tea,Green Tea,regular,1,4.0,4.0,,
10087,2024-01-28,12:45,ST004,George St,Sydney,NSW,Australia,Long Black,Coffee,Black Coffee,regular,1,4.2,4.2,Harper Thompson,Bronze
10087,2024-01-28,12:45,ST004,George St,Sydney,NSW,Australia,Espresso,Coffee,Espresso,single,1,3.5,3.5,Harper Thompson,Bronze
10088,2024-01-28,08:45,ST006,Bondi,Sydney,NSW,Australia,Flat White,Coffee,Milk Coffee,regular,1,4.8,4.8,Ethan White,Silver
10089,2024-01-28,14:45,ST010,Adelaide Central,Adelaide,SA,Australia,Iced Latte,Coffee,Cold Coffee,large,1,6.0,6.0,Lily King,Silver
10090,2024-01-28,12:45,ST001,CBD Flagship,Melbourne,VIC,Australia,Latte,Coffee,Milk Coffee,regular,1,4.8,4.8,Ben Hall,Silver
10090,2024-01-28,12:45,ST001,CBD Flagship,Melbourne,VIC,Australia,Flat White Large,Coffee,Milk Coffee,large,1,5.5,5.5,Ben Hall,Silver
10090,2024-01-28,12:45,ST001,CBD Flagship,Melbourne,VIC,Australia,Latte Large,Coffee,Milk Coffee,large,1,5.5,5.5,Ben Hall,Silver
10091,2024-01-28,15:45,ST004,George St,Sydney,NSW,Australia,Chai Latte,Tea,Specialty Tea,regular,1,5.2,5.2,Chloe Walker,Bronze
10092,2024-01-29,07:30,ST004,George St,Sydney,NSW,Australia,Cold Brew,Coffee,Cold Coffee,large,1,5.8,5.8,,
10093,2024-01-29,13:30,ST003,Fitzroy,Melbourne,VIC,Australia,Latte Large,Coffee,Milk Coffee,large,2,5.5,11.0,Noah Brown,Gold
10094,2024-01-30,07:30,ST009,Fortitude Valley,Brisbane,QLD,Australia,Cappuccino,Coffee,Milk Coffee,regular,1,4.8,4.8,Isabella Anderson,Silver
10094,2024-01-30,07:30,ST009,Fortitude Valley,Brisbane,QLD,Australia,English Breakfast,Tea,Black Tea,regular,1,4.0,4.0,Isabella Anderson,Silver
10094,2024-01-30,07:30,ST009,Fortitude Valley,Brisbane,QLD,Australia,Long Black,Coffee,Black Coffee,regular,2,4.2,8.4,Isabella Anderson,Silver
10095,2024-01-30,19:30,ST005,Surry Hills,Sydney,NSW,Australia,Earl Grey,Tea,Black Tea,regular,2,4.0,8.0,Leo Lee,Silver
10096,2024-01-30,06:00,ST004,George St,Sydney,NSW,Australia,Iced Latte,Coffee,Cold Coffee,large,1,6.0,6.0,,
10097,2024-01-31,12:30,ST007,Queen St Mall,Brisbane,QLD,Australia,Latte,Coffee,Milk Coffee,regular,1,4.8,4.8,,
10098,2024-01-31,14:30,ST010,Adelaide Central,Adelaide,SA,Australia,Double Espresso,Coffee,Espresso,double,1,4.5,4.5,,
10099,2024-01-31,07:30,ST007,Queen St Mall,Brisbane,QLD,Australia,Long Black,Coffee,Black Coffee,regular,2,4.2,8.4,,
10100,2024-02-01,13:30,ST009,Fortitude Valley,Brisbane,QLD,Australia,Hot Chocolate,Beverage,Chocolate,regular,1,5.0,5.0,Olivia Williams,Bronze
10100,2024-02-01,13:30,ST009,Fortitude Valley,Brisbane,QLD,Australia,Espresso,Coffee,Espresso,single,2,3.5,7.0,Olivia Williams,Bronze
10101,2024-02-01,12:15,ST003,Fitzroy,Melbourne,VIC,Australia,Earl Grey,Tea,Black Tea,regular,2,4.0,8.0,,
10102,2024-02-02,13:30,ST001,CBD Flagship,Melbourne,VIC,Australia,Flat White Large,Coffee,Milk Coffee,large,2,5.5,11.0,,
10103,2024-02-02,08:00,ST001,CBD Flagship,Melbourne,VIC,Australia,Iced Latte,Coffee,Cold Coffee,large,1,6.0,6.0,,
10103,2024-02-02,08:00,ST001,CBD Flagship,Melbourne,VIC,Australia,Egg & Bacon Roll,Sandwich,Hot,regular,1,7.5,7.5,,
10103,2024-02-02,08:00,ST001,CBD Flagship,Melbourne,VIC,Australia,Flat White,Coffee,Milk Coffee,regular,1,4.8,4.8,,
10104,2024-02-02,07:15,ST009,Fortitude Valley,Brisbane,QLD,Australia,Iced Latte,Coffee,Cold Coffee,large,1,6.0,6.0,Max Young,Bronze
10104,2024-02-02,07:15,ST009,Fortitude Valley,Brisbane,QLD,Australia,Chocolate Cookie,Pastry,Cookie,regular,2,3.5,7.0,Max Young,Bronze
10105,2024-02-02,13:00,ST006,Bondi,Sydney,NSW,Australia,Chai Latte,Tea,Specialty Tea,regular,1,5.2,5.2,Amelia Harris,Bronze
10106,2024-02-03,10:00,ST005,Surry Hills,Sydney,NSW,Australia,Latte Large,Coffee,Milk Coffee,large,1,5.5,5.5,,
10106,2024-02-03,10:00,ST005,Surry Hills,Sydney,NSW,Australia,Veggie Wrap,Sandwich,Cold,regular,1,8.0,8.0,,
10107,2024-02-03,07:00,ST007,Queen St Mall,Brisbane,QLD,Australia,Cold Brew,Coffee,Cold Coffee,large,1,5.8,5.8,Chloe Walker,Bronze
10107,2024-02-03,07:00,ST007,Queen St Mall,Brisbane,QLD,Australia,Chai Latte,Tea,Specialty Tea,regular,1,5.2,5.2,Chloe Walker,Bronze
10107,2024-02-03,07:00,ST007,Queen St Mall,Brisbane,QLD,Australia,Banana Bread,Pastry,Bread,slice,1,5.0,5.0,Chloe Walker,Bronze
10108,2024-02-04,11:00,ST008,West End,Brisbane,QLD,Australia,Espresso,Coffee,Espresso,single,1,3.5,3.5,,
10109,2024-02-04,08:45,ST004,George St,Sydney,NSW,Australia,Espresso,Coffee,Espresso,single,2,3.5,7.0,,
10109,2024-02-04,08:45,ST004,George St,Sydney,NSW,Australia,Double Espresso,Coffee,Espresso,double,1,4.5,4.5,,
10110,2024-02-04,09:30,ST002,Southbank,Melbourne,VIC,Australia,Double Espresso,Coffee,Espresso,double,1,4.5,4.5,Ruby Scott,Bronze
10110,2024-02-04,09:30,ST002,Southbank,Melbourne,VIC,Australia,Iced Latte,Coffee,Cold Coffee,large,2,6.0,12.0,Ruby Scott,Bronze
10111,2024-02-05,08:30,ST001,CBD Flagship,Melbourne,VIC,Australia,Espresso,Coffee,Espresso,single,2,3.5,7.0,,
10112,2024-02-05,13:00,ST012,Norwood,Adelaide,SA,Australia,Double Espresso,Coffee,Espresso,double,2,4.5,9.0,,
10112,2024-02-05,13:00,ST012,Norwood,Adelaide,SA,Australia,Chai Latte,Tea,Specialty Tea,regular,1,5.2,5.2,,
10112,2024-02-05,13:00,ST012,Norwood,Adelaide,SA,Australia,Long Black,Coffee,Black Coffee,regular,1,4.2,4.2,,
10113,2024-02-05,08:30,ST012,Norwood,Adelaide,SA,Australia,Cappuccino,Coffee,Milk Coffee,regular,1,4.8,4.8,,
10113,2024-02-05,08:30,ST012,Norwood,Adelaide,SA,Australia,Flat White Large,Coffee,Milk Coffee,large,2,5.5,11.0,,
10114,2024-02-05,10:00,ST005,Surry Hills,Sydney,NSW,Australia,Flat White Large,Coffee,Milk Coffee,large,1,5.5,5.5,,
10115,2024-02-06,13:30,ST006,Bondi,Sydney,NSW,Australia,Latte,Coffee,Milk Coffee,regular,2,4.8,9.6,Ruby Scott,Bronze
10116,2024-02-06,12:30,ST008,West End,Brisbane,QLD,Australia,Cappuccino,Coffee,Milk Coffee,regular,1,4.8,4.8,Amelia Harris,Bronze
10116,2024-02-06,12:30,ST008,West End,Brisbane,QLD,Australia,Almond Croissant,Pastry,Baked,regular,1,5.5,5.5,Amelia Harris,Bronze
10117,2024-02-07,11:45,ST001,CBD Flagship,Melbourne,VIC,Australia,Latte,Coffee,Milk Coffee,regular,1,4.8,4.8,Max Young,Bronze
10118,2024-02-07,09:30,ST005,Surry Hills,Sydney,NSW,Australia,Hot Chocolate,Beverage,Chocolate,regular,1,5.0,5.0,William Taylor,Gold
10119,2024-02-08,07:30,ST002,Southbank,Melbourne,VIC,Australia,Banana Bread,Pastry,Bread,slice,1,5.0,5.0,,
10120,2024-02-08,12:15,ST007,Queen St Mall,Brisbane,QLD,Australia,Latte Large,Coffee,Milk Coffee,large,1,5.5,5.5,Henry Garcia,Gold
10121,2024-02-08,17:45,ST006,Bondi,Sydney,NSW,Australia,Flat White,Coffee,Milk Coffee,regular,1,4.8,4.8,,
10122,2024-02-08,13:30,ST010,Adelaide Central,Adelaide,SA,Australia,Espresso,Coffee,Espresso,single,1,3.5,3.5,Chloe Walker,Bronze
10122,2024-02-08,13:30,ST010,Adelaide Central,Adelaide,SA,Australia,Veggie Wrap,Sandwich,Cold,regular,1,8.0,8.0,Chloe Walker,Bronze
10122,2024-02-08,13:30,ST010,Adelaide Central,Adelaide,SA,Australia,Croissant,Pastry,Baked,regular,1,4.5,4.5,Chloe Walker,Bronze
10123,2024-02-09,07:45,ST012,Norwood,Adelaide,SA,Australia,Cold Brew,Coffee,Cold Coffee,large,1,5.8,5.8,Amelia Harris,Bronze
10124,2024-02-09,13:45,ST003,Fitzroy,Melbourne,VIC,Australia,Earl Grey,Tea,Black Tea,regular,1,4.0,4.0,Henry Garcia,Gold
10124,2024-02-09,13:45,ST003,Fitzroy,Melbourne,VIC,Australia,Espresso,Coffee,Espresso,single,1,3.5,3.5,Henry Garcia,Gold
10125,2024-02-09,10:00,ST005,Surry Hills,Sydney,NSW,Australia,Latte,Coffee,Milk Coffee,regular,1,4.8,4.8,,
10125,2024-02-09,10:00,ST005,Surry Hills,Sydney,NSW,Australia,Chocolate Cookie,Pastry,Cookie,regular,2,3.5,7.0,,
10126,2024-02-10,08:15,ST003,Fitzroy,Melbourne,VIC,Australia,Latte Large,Coffee,Milk Coffee,large,1,5.5,5.5,,
10127,2024-02-10,18:30,ST012,Norwood,Adelaide,SA,Australia,Latte,Coffee,Milk Coffee,regular,1,4.8,4.8,,
10128,2024-02-11,12:15,ST007,Queen St Mall,Brisbane,QLD,Australia,Long Black,Coffee,Black Coffee,regular,1,4.2,4.2,Tom Green,Silver
10128,2024-02-11,12:15,ST007,Queen St Mall,Brisbane,QLD,Australia,Espresso,Coffee,Espresso,single,2,3.5,7.0,Tom Green,Silver
10129,2024-02-11,10:00,ST009,Fortitude Valley,Brisbane,QLD,Australia,Latte,Coffee,Milk Coffee,regular,1,4.8,4.8,,
10129,2024-02-11,10:00,ST009,Fortitude Valley,Brisbane,QLD,Australia,Chocolate Cookie,Pastry,Cookie,regular,1,3.5,3.5,,
10130,2024-02-11,09:45,ST001,CBD Flagship,Melbourne,VIC,Australia,Hot Chocolate,Beverage,Chocolate,regular,1,5.0,5.0,,
10131,2024-02-11,08:15,ST008,West End,Brisbane,QLD,Australia,Almond Croissant,Pastry,Baked,regular,1,5.5,5.5,,
10132,2024-02-12,11:15,ST002,Southbank,Melbourne,VIC,Australia,Cappuccino,Coffee,Milk Coffee,regular,1,4.8,4.8,,
10132,2024-02-12,11:15,ST002,Southbank,Melbourne,VIC,Australia,Latte Large,Coffee,Milk Coffee,large,1,5.5,5.5,,
10133,2024-02-12,07:45,ST009,Fortitude Valley,Brisbane,QLD,Australia,Latte Large,Coffee,Milk Coffee,large,1,5.5,5.5,Chloe Walker,Bronze
10133,2024-02-12,07:45,ST009,Fortitude Valley,Brisbane,QLD,Australia,Double Espresso,Coffee,Espresso,double,2,4.5,9.0,Chloe Walker,Bronze
10133,2024-02-12,07:45,ST009,Fortitude Valley,Brisbane,QLD,Australia,Cappuccino,Coffee,Milk Coffee,regular,1,4.8,4.8,Chloe Walker,Bronze
10134,2024-02-12,07:15,ST010,Adelaide Central,Adelaide,SA,Australia,Latte,Coffee,Milk Coffee,regular,2,4.8,9.6,Amelia Harris,Bronze
10134,2024-02-12,07:15,ST010,Adelaide Central,Adelaide,SA,Australia,Croissant,Pastry,Baked,regular,1,4.5,4.5,Amelia Harris,Bronze
10134,2024-02-12,07:15,ST010,Adelaide Central,Adelaide,SA,Australia,Chai Latte,Tea,Specialty Tea,regular,1,5.2,5.2,Amelia Harris,Bronze
10135,2024-02-13,08:45,ST007,Queen St Mall,Brisbane,QLD,Australia,Flat White Large,Coffee,Milk Coffee,large,1,5.5,5.5,,
10135,2024-02-13,08:45,ST007,Queen St Mall,Brisbane,QLD,Australia,Long Black,Coffee,Black Coffee,regular,1,4.2,4.2,,
10136,2024-02-13,15:30,ST012,Norwood,Adelaide,SA,Australia,Orange Juice,Beverage,Juice,regular,1,5.5,5.5,,
10137,2024-02-13,09:45,ST004,George St,Sydney,NSW,Australia,Chocolate Cookie,Pastry,Cookie,regular,1,3.5,3.5,,
10138,2024-02-14,12:45,ST001,CBD Flagship,Melbourne,VIC,Australia,Double Espresso,Coffee,Espresso,double,1,4.5,4.5,Isabella Anderson,Silver
10139,2024-02-14,12:30,ST006,Bondi,Sydney,NSW,Australia,Cappuccino,Coffee,Milk Coffee,regular,1,4.8,4.8,,
10140,2024-02-15,13:15,ST009,Fortitude Valley,Brisbane,QLD,Australia,Latte Large,Coffee,Milk Coffee,large,1,5.5,5.5,Sophia Miller,Gold
10141,2024-02-15,11:15,ST003,Fitzroy,Melbourne,VIC,Australia,Flat White,Coffee,Milk Coffee,regular,1,4.8,4.8,William Taylor,Gold
10142,2024-02-16,14:30,ST010,Adelaide Central,Adelaide,SA,Australia,Cold Brew,Coffee,Cold Coffee,large,1,5.8,5.8,,
10142,2024-02-16,14:30,ST010,Adelaide Central,Adelaide,SA,Australia,Egg & Bacon Roll,Sandwich,Hot,regular,1,7.5,7.5,,
10142,2024-02-16,14:30,ST010,Adelaide Central,Adelaide,SA,Australia,Latte Large,Coffee,Milk Coffee,large,1,5.5,5.5,,
10143,2024-02-16,09:00,ST001,CBD Flagship,Melbourne,VIC,Australia,Latte,Coffee,Milk Coffee,regular,2,4.8,9.6,Mia Moore,Bronze
10144,2024-02-16,11:45,ST009,Fortitude Valley,Brisbane,QLD,Australia,Double Espresso,Coffee,Espresso,double,1,4.5,4.5,William Taylor,Gold
10144,2024-02-16,11:45,ST009,Fortitude Valley,Brisbane,QLD,Australia,Banana Bread,Pastry,Bread,slice,1,5.0,5.0,William Taylor,Gold
10145,2024-02-16,18:00,ST008,West End,Brisbane,QLD,Australia,Latte,Coffee,Milk Coffee,regular,1,4.8,4.8,,
10146,2024-02-17,07:00,ST011,Glenelg,Adelaide,SA,Australia,Cold Brew,Coffee,Cold Coffee,large,1,5.8,5.8,,
10146,2024-02-17,07:00,ST011,Glenelg,Adelaide,SA,Australia,Cappuccino,Coffee,Milk Coffee,regular,1,4.8,4.8,,
10146,2024-02-17,07:00,ST011,Glenelg,Adelaide,SA,Australia,Flat White,Coffee,Milk Coffee,regular,1,4.8,4.8,,
10147,2024-02-17,13:15,ST011,Glenelg,Adelaide,SA,Australia,Blueberry Muffin,Pastry,Muffin,regular,2,4.8,9.6,Isabella Anderson,Silver
10147,2024-02-17,13:15,ST011,Glenelg,Adelaide,SA,Australia,Long Black,Coffee,Black Coffee,regular,1,4.2,4.2,Isabella Anderson,Silver
10147,2024-02-17,13:15,ST011,Glenelg,Adelaide,SA,Australia,Iced Latte,Coffee,Cold Coffee,large,1,6.0,6.0,Isabella Anderson,Silver
10148,2024-02-18,07:30,ST006,Bondi,Sydney,NSW,Australia,Iced Latte,Coffee,Cold Coffee,large,1,6.0,6.0,,
10148,2024-02-18,07:30,ST006,Bondi,Sydney,NSW,Australia,Espresso,Coffee,Espresso,single,1,3.5,3.5,,
10149,2024-02-18,18:00,ST009,Fortitude Valley,Brisbane,QLD,Australia,Flat White Large,Coffee,Milk Coffee,large,1,5.5,5.5,,
10150,2024-02-18,07:00,ST010,Adelaide Central,Adelaide,SA,Australia,Almond Croissant,Pastry,Baked,regular,2,5.5,11.0,,
10150,2024-02-18,07:00,ST010,Adelaide Central,Adelaide,SA,Australia,Chocolate Cookie,Pastry,Cookie,regular,1,3.5,3.5,,
10151,2024-02-18,08:45,ST007,Queen St Mall,Brisbane,QLD,Australia,Flat White,Coffee,Milk Coffee,regular,2,4.8,9.6,,
10152,2024-02-19,12:00,ST003,Fitzroy,Melbourne,VIC,Australia,Blueberry Muffin,Pastry,Muffin,regular,1,4.8,4.8,Henry Garcia,Gold
10152,2024-02-19,12:00,ST003,Fitzroy,Melbourne,VIC,Australia,Almond Croissant,Pastry,Baked,regular,1,5.5,5.5,Henry Garcia,Gold
10153,2024-02-19,08:15,ST001,CBD Flagship,Melbourne,VIC,Australia,Flat White Large,Coffee,Milk Coffee,large,1,5.5,5.5,Mia Moore,Bronze
10153,2024-02-19,08:15,ST001,CBD Flagship,Melbourne,VIC,Australia,Cappuccino,Coffee,Milk Coffee,regular,1,4.8,4.8,Mia Moore,Bronze
10154,2024-02-19,12:45,ST008,West End,Brisbane,QLD,Australia,Flat White Large,Coffee,Milk Coffee,large,2,5.5,11.0,,
10155,2024-02-19,12:30,ST001,CBD Flagship,Melbourne,VIC,Australia,Chicken Pesto Panini,Sandwich,Hot,regular,1,9.5,9.5,,
10155,2024-02-19,12:30,ST001,CBD Flagship,Melbourne,VIC,Australia,Flat White Large,Coffee,Milk Coffee,large,1,5.5,5.5,,
10156,2024-02-20,07:15,ST001,CBD Flagship,Melbourne,VIC,Australia,Flat White Large,Coffee,Milk Coffee,large,1,5.5,5.5,Ruby Scott,Bronze
10156,2024-02-20,07:15,ST001,CBD Flagship,Melbourne,VIC,Australia,Flat White,Coffee,Milk Coffee,regular,1,4.8,4.8,Ruby Scott,Bronze
10156,2024-02-20,07:15,ST001,CBD Flagship,Melbourne,VIC,Australia,Blueberry Muffin,Pastry,Muffin,regular,2,4.8,9.6,Ruby Scott,Bronze
10157,2024-02-20,13:00,ST002,Southbank,Melbourne,VIC,Australia,Green Tea,Tea,Green Tea,regular,2,4.0,8.0,Chloe Walker,Bronze
10157,2024-02-20,13:00,ST002,Southbank,Melbourne,VIC,Australia,Latte Large,Coffee,Milk Coffee,large,1,5.5,5.5,Chloe Walker,Bronze
10158,2024-02-21,14:15,ST009,Fortitude Valley,Brisbane,QLD,Australia,Long Black,Coffee,Black Coffee,regular,1,4.2,4.2,,
10159,2024-02-21,14:30,ST004,George St,Sydney,NSW,Australia,Matcha Latte,Tea,Specialty Tea,regular,1,5.8,5.8,Lucas Thomas,Bronze
10160,2024-02-22,13:15,ST011,Glenelg,Adelaide,SA,Australia,Flat White,Coffee,Milk Coffee,regular,1,4.8,4.8,,
10160,2024-02-22,13:15,ST011,Glenelg,Adelaide,SA,Australia,Long Black,Coffee,Black Coffee,regular,1,4.2,4.2,,
10161,2024-02-22,18:45,ST005,Surry Hills,Sydney,NSW,Australia,Smoked Salmon Bagel,Sandwich,Cold,regular,1,10.0,10.0,James Davis,Bronze
10161,2024-02-22,18:45,ST005,Surry Hills,Sydney,NSW,Australia,English Breakfast,Tea,Black Tea,regular,1,4.0,4.0,James Davis,Bronze
10162,2024-02-22,07:00,ST009,Fortitude Valley,Brisbane,QLD,Australia,Flat White,Coffee,Milk Coffee,regular,1,4.8,4.8,James Davis,Bronze
10162,2024-02-22,07:00,ST009,Fortitude Valley,Brisbane,QLD,Australia,Latte,Coffee,Milk Coffee,regular,1,4.8,4.8,James Davis,Bronze
10162,2024-02-22,07:00,ST009,Fortitude Valley,Brisbane,QLD,Australia,Cappuccino,Coffee,Milk Coffee,regular,1,4.8,4.8,James Davis,Bronze
10163,2024-02-23,08:45,ST006,Bondi,Sydney,NSW,Australia,Long Black,Coffee,Black Coffee,regular,1,4.2,4.2,,
10163,2024-02-23,08:45,ST006,Bondi,Sydney,NSW,Australia,Latte,Coffee,Milk Coffee,regular,1,4.8,4.8,,
10164,2024-02-23,09:45,ST010,Adelaide Central,Adelaide,SA,Australia,Smoked Salmon Bagel,Sandwich,Cold,regular,2,10.0,20.0,,
10165,2024-02-24,08:45,ST004,George St,Sydney,NSW,Australia,Flat White,Coffee,Milk Coffee,regular,1,4.8,4.8,,
10166,2024-02-24,15:30,ST004,George St,Sydney,NSW,Australia,Almond Croissant,Pastry,Baked,regular,1,5.5,5.5,,
10167,2024-02-24,13:15,ST006,Bondi,Sydney,NSW,Australia,Flat White Large,Coffee,Milk Coffee,large,1,5.5,5.5,,
10168,2024-02-24,12:45,ST010,Adelaide Central,Adelaide,SA,Australia,Green Tea,Tea,Green Tea,regular,1,4.0,4.0,,
10169,2024-02-24,10:00,ST002,Southbank,Melbourne,VIC,Australia,Flat White Large,Coffee,Milk Coffee,large,1,5.5,5.5,,
10169,2024-02-24,10:00,ST002,Southbank,Melbourne,VIC,Australia,Double Espresso,Coffee,Espresso,double,2,4.5,9.0,,
10170,2024-02-25,19:00,ST001,CBD Flagship,Melbourne,VIC,Australia,Cappuccino,Coffee,Milk Coffee,regular,1,4.8,4.8,,
10171,2024-02-25,08:00,ST008,West End,Brisbane,QLD,Australia,English Breakfast,Tea,Black Tea,regular,2,4.0,8.0,Amelia Harris,Bronze
10172,2024-02-25,14:30,ST012,Norwood,Adelaide,SA,Australia,Cold Brew,Coffee,Cold Coffee,large,1,5.8,5.8,,
10173,2024-02-25,08:00,ST010,Adelaide Central,Adelaide,SA,Australia,Almond Croissant,Pastry,Baked,regular,1,5.5,5.5,Grace Lewis,Gold
10173,2024-02-25,08:00,ST010,Adelaide Central,Adelaide,SA,Australia,Latte,Coffee,Milk Coffee,regular,1,4.8,4.8,Grace Lewis,Gold
10173,2024-02-25,08:00,ST010,Adelaide Central,Adelaide,SA,Australia,Sparkling Water,Beverage,Water,bottle,1,3.5,3.5,Grace Lewis,Gold
10174,2024-02-26,08:15,ST004,George St,Sydney,NSW,Australia,English Breakfast,Tea,Black Tea,regular,1,4.0,4.0,Grace Lewis,Gold
10174,2024-02-26,08:15,ST004,George St,Sydney,NSW,Australia,Flat White Large,Coffee,Milk Coffee,large,1,5.5,5.5,Grace Lewis,Gold
10175,2024-02-26,13:00,ST003,Fitzroy,Melbourne,VIC,Australia,Cold Brew,Coffee,Cold Coffee,large,1,5.8,5.8,Ava Jones,Silver
10175,2024-02-26,13:00,ST003,Fitzroy,Melbourne,VIC,Australia,Flat White,Coffee,Milk Coffee,regular,1,4.8,4.8,Ava Jones,Silver
10176,2024-02-26,14:45,ST003,Fitzroy,Melbourne,VIC,Australia,Long Black,Coffee,Black Coffee,regular,1,4.2,4.2,Amelia Harris,Bronze
10176,2024-02-26,14:45,ST003,Fitzroy,Melbourne,VIC,Australia,Blueberry Muffin,Pastry,Muffin,regular,1,4.8,4.8,Amelia Harris,Bronze
10177,2024-02-27,06:45,ST007,Queen St Mall,Brisbane,QLD,Australia,Cappuccino,Coffee,Milk Coffee,regular,1,4.8,4.8,,
10178,2024-02-27,07:30,ST012,Norwood,Adelaide,SA,Australia,Latte,Coffee,Milk Coffee,regular,1,4.8,4.8,Isabella Anderson,Silver
10179,2024-02-27,06:45,ST011,Glenelg,Adelaide,SA,Australia,Long Black,Coffee,Black Coffee,regular,1,4.2,4.2,Leo Lee,Silver
10180,2024-02-27,07:15,ST010,Adelaide Central,Adelaide,SA,Australia,Cold Brew,Coffee,Cold Coffee,large,1,5.8,5.8,,
10181,2024-02-28,20:30,ST012,Norwood,Adelaide,SA,Australia,Chocolate Cookie,Pastry,Cookie,regular,1,3.5,3.5,,
10181,2024-02-28,20:30,ST012,Norwood,Adelaide,SA,Australia,Latte,Coffee,Milk Coffee,regular,1,4.8,4.8,,
10181,2024-02-28,20:30,ST012,Norwood,Adelaide,SA,Australia,Egg & Bacon Roll,Sandwich,Hot,regular,2,7.5,15.0,,
10182,2024-02-28,09:30,ST002,Southbank,Melbourne,VIC,Australia,Latte Large,Coffee,Milk Coffee,large,1,5.5,5.5,Jack Martin,Silver
10183,2024-02-28,11:30,ST008,West End,Brisbane,QLD,Australia,Cappuccino,Coffee,Milk Coffee,regular,1,4.8,4.8,Charlotte Jackson,Gold
10184,2024-02-29,20:45,ST005,Surry Hills,Sydney,NSW,Australia,Latte,Coffee,Milk Coffee,regular,1,4.8,4.8,,
10184,2024-02-29,20:45,ST005,Surry Hills,Sydney,NSW,Australia,Latte Large,Coffee,Milk Coffee,large,2,5.5,11.0,,
10185,2024-02-29,14:15,ST009,Fortitude Valley,Brisbane,QLD,Australia,Latte,Coffee,Milk Coffee,regular,1,4.8,4.8,Lily King,Silver
10185,2024-02-29,14:15,ST009,Fortitude Valley,Brisbane,QLD,Australia,Flat White,Coffee,Milk Coffee,regular,1,4.8,4.8,Lily King,Silver
10186,2024-02-29,18:45,ST004,George St,Sydney,NSW,Australia,Latte,Coffee,Milk Coffee,regular,2,4.8,9.6,,
10187,2024-03-01,13:00,ST010,Adelaide Central,Adelaide,SA,Australia,Double Espresso,Coffee,Espresso,double,1,4.5,4.5,Ruby Scott,Bronze
10188,2024-03-01,08:00,ST001,CBD Flagship,Melbourne,VIC,Australia,Matcha Latte,Tea,Specialty Tea,regular,1,5.8,5.8,Tom Green,Silver
10189,2024-03-01,19:15,ST001,CBD Flagship,Melbourne,VIC,Australia,Flat White,Coffee,Milk Coffee,regular,1,4.8,4.8,,
10190,2024-03-01,11:30,ST001,CBD Flagship,Melbourne,VIC,Australia,Croissant,Pastry,Baked,regular,2,4.5,9.0,Aiden Clark,Bronze
10190,2024-03-01,11:30,ST001,CBD Flagship,Melbourne,VIC,Australia,Flat White,Coffee,Milk Coffee,regular,1,4.8,4.8,Aiden Clark,Bronze
10190,2024-03-01,11:30,ST001,CBD Flagship,Melbourne,VIC,Australia,Double Espresso,Coffee,Espresso,double,1,4.5,4.5,Aiden Clark,Bronze
10191,2024-03-02,06:30,ST012,Norwood,Adelaide,SA,Australia,Chocolate Cookie,Pastry,Cookie,regular,1,3.5,3.5,Charlotte Jackson,Gold
10192,2024-03-02,09:30,ST012,Norwood,Adelaide,SA,Australia,Ham & Cheese Toastie,Sandwich,Hot,regular,1,8.5,8.5,Lily King,Silver
10193,2024-03-02,07:30,ST012,Norwood,Adelaide,SA,Australia,Flat White,Coffee,Milk Coffee,regular,1,4.8,4.8,,
10193,2024-03-02,07:30,ST012,Norwood,Adelaide,SA,Australia,Cold Brew,Coffee,Cold Coffee,large,1,5.8,5.8,,
10193,2024-03-02,07:30,ST012,Norwood,Adelaide,SA,Australia,Green Tea,Tea,Green Tea,regular,1,4.0,4.0,,
10194,2024-03-02,14:00,ST004,George St,Sydney,NSW,Australia,English Breakfast,Tea,Black Tea,regular,1,4.0,4.0,,
10194,2024-03-02,14:00,ST004,George St,Sydney,NSW,Australia,Chocolate Cookie,Pastry,Cookie,regular,1,3.5,3.5,,
10195,2024-03-02,15:00,ST010,Adelaide Central,Adelaide,SA,Australia,Espresso,Coffee,Espresso,single,1,3.5,3.5,,
10195,2024-03-02,15:00,ST010,Adelaide Central,Adelaide,SA,Australia,Flat White Large,Coffee,Milk Coffee,large,1,5.5,5.5,,
10196,2024-03-03,09:00,ST008,West End,Brisbane,QLD,Australia,Latte Large,Coffee,Milk Coffee,large,1,5.5,5.5,Lucas Thomas,Bronze
10196,2024-03-03,09:00,ST008,West End,Brisbane,QLD,Australia,Long Black,Coffee,Black Coffee,regular,1,4.2,4.2,Lucas Thomas,Bronze
10197,2024-03-03,08:15,ST002,Southbank,Melbourne,VIC,Australia,Cold Brew,Coffee,Cold Coffee,large,1,5.8,5.8,Olivia Williams,Bronze
10198,2024-03-03,09:15,ST009,Fortitude Valley,Brisbane,QLD,Australia,Green Tea,Tea,Green Tea,regular,1,4.0,4.0,,
10199,2024-03-04,12:45,ST007,Queen St Mall,Brisbane,QLD,Australia,Flat White,Coffee,Milk Coffee,regular,1,4.8,4.8,Lucas Thomas,Bronze
10200,2024-03-04,07:45,ST003,Fitzroy,Melbourne,VIC,Australia,Chai Latte,Tea,Specialty Tea,regular,2,5.2,10.4,Chloe Walker,Bronze
10201,2024-03-05,08:00,ST001,CBD Flagship,Melbourne,VIC,Australia,Double Espresso,Coffee,Espresso,double,1,4.5,4.5,,
10201,2024-03-05,08:00,ST001,CBD Flagship,Melbourne,VIC,Australia,Flat White,Coffee,Milk Coffee,regular,1,4.8,4.8,,
10201,2024-03-05,08:00,ST001,CBD Flagship,Melbourne,VIC,Australia,Espresso,Coffee,Espresso,single,1,3.5,3.5,,
10202,2024-03-05,07:15,ST006,Bondi,Sydney,NSW,Australia,Iced Latte,Coffee,Cold Coffee,large,1,6.0,6.0,,
10203,2024-03-06,10:45,ST006,Bondi,Sydney,NSW,Australia,Almond Croissant,Pastry,Baked,regular,1,5.5,5.5,,
10203,2024-03-06,10:45,ST006,Bondi,Sydney,NSW,Australia,Ham & Cheese Toastie,Sandwich,Hot,regular,1,8.5,8.5,,
10204,2024-03-06,06:15,ST002,Southbank,Melbourne,VIC,Australia,Long Black,Coffee,Black Coffee,regular,2,4.2,8.4,,
10205,2024-03-06,07:45,ST012,Norwood,Adelaide,SA,Australia,Double Espresso,Coffee,Espresso,double,1,4.5,4.5,Aiden Clark,Bronze
10206,2024-03-07,13:30,ST012,Norwood,Adelaide,SA,Australia,Earl Grey,Tea,Black Tea,regular,2,4.0,8.0,,
10207,2024-03-07,10:45,ST011,Glenelg,Adelaide,SA,Australia,Double Espresso,Coffee,Espresso,double,1,4.5,4.5,,
10207,2024-03-07,10:45,ST011,Glenelg,Adelaide,SA,Australia,Latte,Coffee,Milk Coffee,regular,1,4.8,4.8,,
10208,2024-03-07,08:00,ST009,Fortitude Valley,Brisbane,QLD,Australia,Egg & Bacon Roll,Sandwich,Hot,regular,1,7.5,7.5,Liam Johnson,Silver
10208,2024-03-07,08:00,ST009,Fortitude Valley,Brisbane,QLD,Australia,Iced Latte,Coffee,Cold Coffee,large,1,6.0,6.0,Liam Johnson,Silver
10209,2024-03-07,14:00,ST005,Surry Hills,Sydney,NSW,Australia,Iced Latte,Coffee,Cold Coffee,large,1,6.0,6.0,Amelia Harris,Bronze
10210,2024-03-08,17:00,ST003,Fitzroy,Melbourne,VIC,Australia,Hot Chocolate,Beverage,Chocolate,regular,1,5.0,5.0,,
10210,2024-03-08,17:00,ST003,Fitzroy,Melbourne,VIC,Australia,Cold Brew,Coffee,Cold Coffee,large,1,5.8,5.8,,
10211,2024-03-08,12:00,ST001,CBD Flagship,Melbourne,VIC,Australia,Latte Large,Coffee,Milk Coffee,large,1,5.5,5.5,,
10212,2024-03-09,08:00,ST011,Glenelg,Adelaide,SA,Australia,Latte Large,Coffee,Milk Coffee,large,1,5.5,5.5,Emma Smith,Gold
10213,2024-03-09,09:00,ST009,Fortitude Valley,Brisbane,QLD,Australia,Cold Brew,Coffee,Cold Coffee,large,1,5.8,5.8,Lily King,Silver
10214,2024-03-09,08:15,ST002,Southbank,Melbourne,VIC,Australia,Double Espresso,Coffee,Espresso,double,1,4.5,4.5,Noah Brown,Gold
10214,2024-03-09,08:15,ST002,Southbank,Melbourne,VIC,Australia,Flat White,Coffee,Milk Coffee,regular,1,4.8,4.8,Noah Brown,Gold
10215,2024-03-10,13:30,ST006,Bondi,Sydney,NSW,Australia,English Breakfast,Tea,Black Tea,regular,1,4.0,4.0,William Taylor,Gold
10216,2024-03-10,15:00,ST011,Glenelg,Adelaide,SA,Australia,Long Black,Coffee,Black Coffee,regular,1,4.2,4.2,,
10216,2024-03-10,15:00,ST011,Glenelg,Adelaide,SA,Australia,Espresso,Coffee,Espresso,single,1,3.5,3.5,,
10217,2024-03-10,08:30,ST009,Fortitude Valley,Brisbane,QLD,Australia,Cappuccino,Coffee,Milk Coffee,regular,1,4.8,4.8,,
10217,2024-03-10,08:30,ST009,Fortitude Valley,Brisbane,QLD,Australia,Flat White,Coffee,Milk Coffee,regular,1,4.8,4.8,,
10218,2024-03-11,09:15,ST010,Adelaide Central,Adelaide,SA,Australia,Cold Brew,Coffee,Cold Coffee,large,2,5.8,11.6,,
10218,2024-03-11,09:15,ST010,Adelaide Central,Adelaide,SA,Australia,Green Tea,Tea,Green Tea,regular,1,4.0,4.0,,
10219,2024-03-11,14:00,ST010,Adelaide Central,Adelaide,SA,Australia,Croissant,Pastry,Baked,regular,1,4.5,4.5,Grace Lewis,Gold
10219,2024-03-11,14:00,ST010,Adelaide Central,Adelaide,SA,Australia,Flat White,Coffee,Milk Coffee,regular,1,4.8,4.8,Grace Lewis,Gold
10220,2024-03-12,20:45,ST008,West End,Brisbane,QLD,Australia,Flat White Large,Coffee,Milk Coffee,large,1,5.5,5.5,,
10221,2024-03-12,20:45,ST009,Fortitude Valley,Brisbane,QLD,Australia,Long Black,Coffee,Black Coffee,regular,1,4.2,4.2,Sophia Miller,Gold
10222,2024-03-13,17:15,ST003,Fitzroy,Melbourne,VIC,Australia,Espresso,Coffee,Espresso,single,1,3.5,3.5,,
10223,2024-03-13,12:30,ST006,Bondi,Sydney,NSW,Australia,Flat White Large,Coffee,Milk Coffee,large,1,5.5,5.5,Zoe Allen,Gold
10224,2024-03-13,19:15,ST002,Southbank,Melbourne,VIC,Australia,Long Black,Coffee,Black Coffee,regular,1,4.2,4.2,,
10225,2024-03-14,08:00,ST002,Southbank,Melbourne,VIC,Australia,Egg & Bacon Roll,Sandwich,Hot,regular,1,7.5,7.5,James Davis,Bronze
10226,2024-03-14,09:30,ST006,Bondi,Sydney,NSW,Australia,Iced Latte,Coffee,Cold Coffee,large,1,6.0,6.0,,
10226,2024-03-14,09:30,ST006,Bondi,Sydney,NSW,Australia,Long Black,Coffee,Black Coffee,regular,1,4.2,4.2,,
10226,2024-03-14,09:30,ST006,Bondi,Sydney,NSW,Australia,Flat White,Coffee,Milk Coffee,regular,1,4.8,4.8,,
10227,2024-03-15,08:30,ST003,Fitzroy,Melbourne,VIC,Australia,Banana Bread,Pastry,Bread,slice,2,5.0,10.0,,
10228,2024-03-15,12:15,ST012,Norwood,Adelaide,SA,Australia,Ham & Cheese Toastie,Sandwich,Hot,regular,1,8.5,8.5,,
10228,2024-03-15,12:15,ST012,Norwood,Adelaide,SA,Australia,Flat White,Coffee,Milk Coffee,regular,1,4.8,4.8,,
10229,2024-03-16,11:30,ST009,Fortitude Valley,Brisbane,QLD,Australia,Latte Large,Coffee,Milk Coffee,large,1,5.5,5.5,,
10230,2024-03-16,11:45,ST004,George St,Sydney,NSW,Australia,Flat White Large,Coffee,Milk Coffee,large,1,5.5,5.5,,
10231,2024-03-16,08:00,ST004,George St,Sydney,NSW,Australia,Earl Grey,Tea,Black Tea,regular,2,4.0,8.0,,
10232,2024-03-17,16:15,ST003,Fitzroy,Melbourne,VIC,Australia,Flat White,Coffee,Milk Coffee,regular,1,4.8,4.8,,
10232,2024-03-17,16:15,ST003,Fitzroy,Melbourne,VIC,Australia,Double Espresso,Coffee,Espresso,double,1,4.5,4.5,,
10233,2024-03-17,08:30,ST007,Queen St Mall,Brisbane,QLD,Australia,Flat White Large,Coffee,Milk Coffee,large,2,5.5,11.0,Noah Brown,Gold
10233,2024-03-17,08:30,ST007,Queen St Mall,Brisbane,QLD,Australia,Long Black,Coffee,Black Coffee,regular,2,4.2,8.4,Noah Brown,Gold
10234,2024-03-17,09:30,ST012,Norwood,Adelaide,SA,Australia,Double Espresso,Coffee,Espresso,double,1,4.5,4.5,Aiden Clark,Bronze
10235,2024-03-17,09:15,ST008,West End,Brisbane,QLD,Australia,Cappuccino,Coffee,Milk Coffee,regular,1,4.8,4.8,,
10236,2024-03-18,08:00,ST011,Glenelg,Adelaide,SA,Australia,Smoked Salmon Bagel,Sandwich,Cold,regular,1,10.0,10.0,,
10236,2024-03-18,08:00,ST011,Glenelg,Adelaide,SA,Australia,Iced Latte,Coffee,Cold Coffee,large,1,6.0,6.0,,
10237,2024-03-18,15:45,ST005,Surry Hills,Sydney,NSW,Australia,Latte Large,Coffee,Milk Coffee,large,1,5.5,5.5,,
10237,2024-03-18,15:45,ST005,Surry Hills,Sydney,NSW,Australia,Cold Brew,Coffee,Cold Coffee,large,1,5.8,5.8,,
10238,2024-03-19,09:15,ST002,Southbank,Melbourne,VIC,Australia,Flat White Large,Coffee,Milk Coffee,large,1,5.5,5.5,Liam Johnson,Silver
10238,2024-03-19,09:15,ST002,Southbank,Melbourne,VIC,Australia,Double Espresso,Coffee,Espresso,double,2,4.5,9.0,Liam Johnson,Silver
10239,2024-03-19,10:30,ST007,Queen St Mall,Brisbane,QLD,Australia,Sparkling Water,Beverage,Water,bottle,1,3.5,3.5,Sam Wright,Gold
10239,2024-03-19,10:30,ST007,Queen St Mall,Brisbane,QLD,Australia,Flat White,Coffee,Milk Coffee,regular,2,4.8,9.6,Sam Wright,Gold
10239,2024-03-19,10:30,ST007,Queen St Mall,Brisbane,QLD,Australia,Cappuccino,Coffee,Milk Coffee,regular,1,4.8,4.8,Sam Wright,Gold
10240,2024-03-19,14:45,ST011,Glenelg,Adelaide,SA,Australia,Banana Bread,Pastry,Bread,slice,2,5.0,10.0,,
10241,2024-03-20,16:15,ST011,Glenelg,Adelaide,SA,Australia,English Breakfast,Tea,Black Tea,regular,1,4.0,4.0,Sam Wright,Gold
10241,2024-03-20,16:15,ST011,Glenelg,Adelaide,SA,Australia,Cappuccino,Coffee,Milk Coffee,regular,1,4.8,4.8,Sam Wright,Gold
10242,2024-03-20,07:15,ST003,Fitzroy,Melbourne,VIC,Australia,Latte,Coffee,Milk Coffee,regular,1,4.8,4.8,Isabella Anderson,Silver
10243,2024-03-20,06:00,ST005,Surry Hills,Sydney,NSW,Australia,Ham & Cheese Toastie,Sandwich,Hot,regular,1,8.5,8.5,,
10243,2024-03-20,06:00,ST005,Surry Hills,Sydney,NSW,Australia,Latte Large,Coffee,Milk Coffee,large,1,5.5,5.5,,
10243,2024-03-20,06:00,ST005,Surry Hills,Sydney,NSW,Australia,Banana Bread,Pastry,Bread,slice,1,5.0,5.0,,
10244,2024-03-21,10:00,ST011,Glenelg,Adelaide,SA,Australia,Espresso,Coffee,Espresso,single,1,3.5,3.5,William Taylor,Gold
10245,2024-03-21,09:00,ST012,Norwood,Adelaide,SA,Australia,Latte,Coffee,Milk Coffee,regular,1,4.8,4.8,Sam Wright,Gold
10245,2024-03-21,09:00,ST012,Norwood,Adelaide,SA,Australia,Green Tea,Tea,Green Tea,regular,1,4.0,4.0,Sam Wright,Gold
10246,2024-03-21,08:45,ST003,Fitzroy,Melbourne,VIC,Australia,Cappuccino,Coffee,Milk Coffee,regular,1,4.8,4.8,,
10246,2024-03-21,08:45,ST003,Fitzroy,Melbourne,VIC,Australia,Matcha Latte,Tea,Specialty Tea,regular,1,5.8,5.8,,
10247,2024-03-22,08:45,ST008,West End,Brisbane,QLD,Australia,Flat White,Coffee,Milk Coffee,regular,1,4.8,4.8,,
10248,2024-03-22,10:45,ST008,West End,Brisbane,QLD,Australia,Smoked Salmon Bagel,Sandwich,Cold,regular,2,10.0,20.0,,
10248,2024-03-22,10:45,ST008,West End,Brisbane,QLD,Australia,Iced Latte,Coffee,Cold Coffee,large,1,6.0,6.0,,
10249,2024-03-22,09:45,ST010,Adelaide Central,Adelaide,SA,Australia,Latte Large,Coffee,Milk Coffee,large,2,5.5,11.0,,
10250,2024-03-23,09:30,ST006,Bondi,Sydney,NSW,Australia,Double Espresso,Coffee,Espresso,double,1,4.5,4.5,,
10251,2024-03-23,15:00,ST004,George St,Sydney,NSW,Australia,Green Tea,Tea,Green Tea,regular,1,4.0,4.0,Emma Smith,Gold
10252,2024-03-24,09:00,ST009,Fortitude Valley,Brisbane,QLD,Australia,Double Espresso,Coffee,Espresso,double,1,4.5,4.5,,
10252,2024-03-24,09:00,ST009,Fortitude Valley,Brisbane,QLD,Australia,Latte,Coffee,Milk Coffee,regular,1,4.8,4.8,,
10252,2024-03-24,09:00,ST009,Fortitude Valley,Brisbane,QLD,Australia,Blueberry Muffin,Pastry,Muffin,regular,1,4.8,4.8,,
10253,2024-03-24,08:00,ST007,Queen St Mall,Brisbane,QLD,Australia,Matcha Latte,Tea,Specialty Tea,regular,1,5.8,5.8,Oliver Wilson,Silver
10254,2024-03-24,10:30,ST005,Surry Hills,Sydney,NSW,Australia,Iced Latte,Coffee,Cold Coffee,large,1,6.0,6.0,,
10254,2024-03-24,10:30,ST005,Surry Hills,Sydney,NSW,Australia,Cappuccino,Coffee,Milk Coffee,regular,1,4.8,4.8,,
10255,2024-03-24,10:30,ST009,Fortitude Valley,Brisbane,QLD,Australia,Chocolate Cookie,Pastry,Cookie,regular,1,3.5,3.5,,
10256,2024-03-25,13:00,ST009,Fortitude Valley,Brisbane,QLD,Australia,Latte,Coffee,Milk Coffee,regular,1,4.8,4.8,,
10256,2024-03-25,13:00,ST009,Fortitude Valley,Brisbane,QLD,Australia,Cold Brew,Coffee,Cold Coffee,large,1,5.8,5.8,,
10257,2024-03-25,15:30,ST010,Adelaide Central,Adelaide,SA,Australia,Flat White Large,Coffee,Milk Coffee,large,2,5.5,11.0,,
10257,2024-03-25,15:30,ST010,Adelaide Central,Adelaide,SA,Australia,Cold Brew,Coffee,Cold Coffee,large,2,5.8,11.6,,
10258,2024-03-26,07:00,ST004,George St,Sydney,NSW,Australia,Chocolate Cookie,Pastry,Cookie,regular,1,3.5,3.5,,
10258,2024-03-26,07:00,ST004,George St,Sydney,NSW,Australia,Cold Brew,Coffee,Cold Coffee,large,1,5.8,5.8,,
10259,2024-03-26,10:30,ST012,Norwood,Adelaide,SA,Australia,Cold Brew,Coffee,Cold Coffee,large,1,5.8,5.8,Zoe Allen,Gold
10259,2024-03-26,10:30,ST012,Norwood,Adelaide,SA,Australia,Earl Grey,Tea,Black Tea,regular,1,4.0,4.0,Zoe Allen,Gold
10260,2024-03-26,14:30,ST002,Southbank,Melbourne,VIC,Australia,Matcha Latte,Tea,Specialty Tea,regular,1,5.8,5.8,Ella Robinson,Silver
10261,2024-03-26,09:30,ST002,Southbank,Melbourne,VIC,Australia,Latte Large,Coffee,Milk Coffee,large,1,5.5,5.5,James Davis,Bronze
10261,2024-03-26,09:30,ST002,Southbank,Melbourne,VIC,Australia,Earl Grey,Tea,Black Tea,regular,1,4.0,4.0,James Davis,Bronze
10262,2024-03-27,12:15,ST006,Bondi,Sydney,NSW,Australia,Espresso,Coffee,Espresso,single,1,3.5,3.5,,
10262,2024-03-27,12:15,ST006,Bondi,Sydney,NSW,Australia,Double Espresso,Coffee,Espresso,double,1,4.5,4.5,,
10262,2024-03-27,12:15,ST006,Bondi,Sydney,NSW,Australia,Iced Latte,Coffee,Cold Coffee,large,1,6.0,6.0,,
10263,2024-03-27,08:30,ST005,Surry Hills,Sydney,NSW,Australia,Flat White,Coffee,Milk Coffee,regular,2,4.8,9.6,,
10263,2024-03-27,08:30,ST005,Surry Hills,Sydney,NSW,Australia,Chai Latte,Tea,Specialty Tea,regular,1,5.2,5.2,,
10263,2024-03-27,08:30,ST005,Surry Hills,Sydney,NSW,Australia,Flat White Large,Coffee,Milk Coffee,large,1,5.5,5.5,,
10264,2024-03-28,09:30,ST005,Surry Hills,Sydney,NSW,Australia,Cold Brew,Coffee,Cold Coffee,large,1,5.8,5.8,Ethan White,Silver
10264,2024-03-28,09:30,ST005,Surry Hills,Sydney,NSW,Australia,Latte,Coffee,Milk Coffee,regular,1,4.8,4.8,Ethan White,Silver
10264,2024-03-28,09:30,ST005,Surry Hills,Sydney,NSW,Australia,Flat White Large,Coffee,Milk Coffee,large,1,5.5,5.5,Ethan White,Silver
10265,2024-03-28,13:15,ST012,Norwood,Adelaide,SA,Australia,Cappuccino,Coffee,Milk Coffee,regular,1,4.8,4.8,,
10265,2024-03-28,13:15,ST012,Norwood,Adelaide,SA,Australia,English Breakfast,Tea,Black Tea,regular,1,4.0,4.0,,
10266,2024-03-29,19:15,ST007,Queen St Mall,Brisbane,QLD,Australia,Almond Croissant,Pastry,Baked,regular,1,5.5,5.5,Grace Lewis,Gold
10267,2024-03-29,08:15,ST012,Norwood,Adelaide,SA,Australia,Almond Croissant,Pastry,Baked,regular,2,5.5,11.0,Ava Jones,Silver
10268,2024-03-29,08:30,ST010,Adelaide Central,Adelaide,SA,Australia,Latte Large,Coffee,Milk Coffee,large,1,5.5,5.5,,
10268,2024-03-29,08:30,ST010,Adelaide Central,Adelaide,SA,Australia,Cold Brew,Coffee,Cold Coffee,large,1,5.8,5.8,,
10269,2024-03-30,15:45,ST005,Surry Hills,Sydney,NSW,Australia,Chocolate Cookie,Pastry,Cookie,regular,1,3.5,3.5,,
10270,2024-03-30,12:15,ST012,Norwood,Adelaide,SA,Australia,Iced Latte,Coffee,Cold Coffee,large,1,6.0,6.0,,
10271,2024-03-30,07:30,ST010,Adelaide Central,Adelaide,SA,Australia,Flat White Large,Coffee,Milk Coffee,large,1,5.5,5.5,Ben Hall,Silver
10271,2024-03-30,07:30,ST010,Adelaide Central,Adelaide,SA,Australia,Iced Latte,Coffee,Cold Coffee,large,1,6.0,6.0,Ben Hall,Silver
10272,2024-03-30,12:15,ST003,Fitzroy,Melbourne,VIC,Australia,Smoked Salmon Bagel,Sandwich,Cold,regular,1,10.0,10.0,,
10272,2024-03-30,12:15,ST003,Fitzroy,Melbourne,VIC,Australia,Flat White Large,Coffee,Milk Coffee,large,1,5.5,5.5,,
10272,2024-03-30,12:15,ST003,Fitzroy,Melbourne,VIC,Australia,Long Black,Coffee,Black Coffee,regular,1,4.2,4.2,,
10273,2024-03-31,09:30,ST005,Surry Hills,Sydney,NSW,Australia,Cappuccino,Coffee,Milk Coffee,regular,1,4.8,4.8,,
10274,2024-03-31,17:30,ST006,Bondi,Sydney,NSW,Australia,Iced Latte,Coffee,Cold Coffee,large,1,6.0,6.0,,
10275,2024-03-31,13:00,ST012,Norwood,Adelaide,SA,Australia,Flat White,Coffee,Milk Coffee,regular,1,4.8,4.8,,
10276,2024-04-01,13:45,ST001,CBD Flagship,Melbourne,VIC,Australia,Espresso,Coffee,Espresso,single,2,3.5,7.0,Liam Johnson,Silver
10277,2024-04-01,15:45,ST007,Queen St Mall,Brisbane,QLD,Australia,Cappuccino,Coffee,Milk Coffee,regular,1,4.8,4.8,,
10278,2024-04-01,16:30,ST011,Glenelg,Adelaide,SA,Australia,Cappuccino,Coffee,Milk Coffee,regular,1,4.8,4.8,,
10279,2024-04-01,18:30,ST001,CBD Flagship,Melbourne,VIC,Australia,Earl Grey,Tea,Black Tea,regular,2,4.0,8.0,Ben Hall,Silver
10280,2024-04-02,08:15,ST012,Norwood,Adelaide,SA,Australia,Latte,Coffee,Milk Coffee,regular,1,4.8,4.8,,
10281,2024-04-02,08:45,ST001,CBD Flagship,Melbourne,VIC,Australia,Almond Croissant,Pastry,Baked,regular,1,5.5,5.5,Charlotte Jackson,Gold
10282,2024-04-02,12:45,ST008,West End,Brisbane,QLD,Australia,Iced Latte,Coffee,Cold Coffee,large,1,6.0,6.0,,
10282,2024-04-02,12:45,ST008,West End,Brisbane,QLD,Australia,Cold Brew,Coffee,Cold Coffee,large,1,5.8,5.8,,
10283,2024-04-02,08:30,ST012,Norwood,Adelaide,SA,Australia,Cold Brew,Coffee,Cold Coffee,large,1,5.8,5.8,Zoe Allen,Gold
10283,2024-04-02,08:30,ST012,Norwood,Adelaide,SA,Australia,Latte Large,Coffee,Milk Coffee,large,2,5.5,11.0,Zoe Allen,Gold
10283,2024-04-02,08:30,ST012,Norwood,Adelaide,SA,Australia,Double Espresso,Coffee,Espresso,double,1,4.5,4.5,Zoe Allen,Gold
10284,2024-04-03,08:30,ST006,Bondi,Sydney,NSW,Australia,Long Black,Coffee,Black Coffee,regular,1,4.2,4.2,,
10285,2024-04-03,07:45,ST003,Fitzroy,Melbourne,VIC,Australia,Cold Brew,Coffee,Cold Coffee,large,1,5.8,5.8,Harper Thompson,Bronze
10286,2024-04-04,15:00,ST011,Glenelg,Adelaide,SA,Australia,Latte,Coffee,Milk Coffee,regular,2,4.8,9.6,,
10286,2024-04-04,15:00,ST011,Glenelg,Adelaide,SA,Australia,Earl Grey,Tea,Black Tea,regular,2,4.0,8.0,,
10287,2024-04-04,09:45,ST008,West End,Brisbane,QLD,Australia,Flat White Large,Coffee,Milk Coffee,large,1,5.5,5.5,,
10287,2024-04-04,09:45,ST008,West End,Brisbane,QLD,Australia,Matcha Latte,Tea,Specialty Tea,regular,1,5.8,5.8,,
10288,2024-04-04,08:45,ST002,Southbank,Melbourne,VIC,Australia,Banana Bread,Pastry,Bread,slice,1,5.0,5.0,,
10289,2024-04-05,09:30,ST003,Fitzroy,Melbourne,VIC,Australia,Long Black,Coffee,Black Coffee,regular,1,4.2,4.2,Lily King,Silver
10289,2024-04-05,09:30,ST003,Fitzroy,Melbourne,VIC,Australia,Smoked Salmon Bagel,Sandwich,Cold,regular,1,10.0,10.0,Lily King,Silver
10290,2024-04-05,07:30,ST001,CBD Flagship,Melbourne,VIC,Australia,Double Espresso,Coffee,Espresso,double,1,4.5,4.5,Henry Garcia,Gold
10290,2024-04-05,07:30,ST001,CBD Flagship,Melbourne,VIC,Australia,Smoked Salmon Bagel,Sandwich,Cold,regular,1,10.0,10.0,Henry Garcia,Gold
10291,2024-04-05,08:15,ST005,Surry Hills,Sydney,NSW,Australia,Double Espresso,Coffee,Espresso,double,1,4.5,4.5,,
10292,2024-04-06,15:00,ST007,Queen St Mall,Brisbane,QLD,Australia,English Breakfast,Tea,Black Tea,regular,1,4.0,4.0,,
10293,2024-04-06,08:45,ST003,Fitzroy,Melbourne,VIC,Australia,Earl Grey,Tea,Black Tea,regular,1,4.0,4.0,,
10293,2024-04-06,08:45,ST003,Fitzroy,Melbourne,VIC,Australia,Flat White,Coffee,Milk Coffee,regular,2,4.8,9.6,,
10294,2024-04-06,08:15,ST002,Southbank,Melbourne,VIC,Australia,Chocolate Cookie,Pastry,Cookie,regular,1,3.5,3.5,,
10294,2024-04-06,08:15,ST002,Southbank,Melbourne,VIC,Australia,Hot Chocolate,Beverage,Chocolate,regular,1,5.0,5.0,,
10294,2024-04-06,08:15,ST002,Southbank,Melbourne,VIC,Australia,Flat White Large,Coffee,Milk Coffee,large,1,5.5,5.5,,
10295,2024-04-06,12:00,ST011,Glenelg,Adelaide,SA,Australia,Long Black,Coffee,Black Coffee,regular,1,4.2,4.2,William Taylor,Gold
10295,2024-04-06,12:00,ST011,Glenelg,Adelaide,SA,Australia,Earl Grey,Tea,Black Tea,regular,2,4.0,8.0,William Taylor,Gold
10295,2024-04-06,12:00,ST011,Glenelg,Adelaide,SA,Australia,Flat White,Coffee,Milk Coffee,regular,1,4.8,4.8,William Taylor,Gold
10296,2024-04-06,13:45,ST001,CBD Flagship,Melbourne,VIC,Australia,Long Black,Coffee,Black Coffee,regular,1,4.2,4.2,Charlotte Jackson,Gold
10297,2024-04-07,08:45,ST008,West End,Brisbane,QLD,Australia,English Breakfast,Tea,Black Tea,regular,1,4.0,4.0,,
10297,2024-04-07,08:45,ST008,West End,Brisbane,QLD,Australia,Iced Latte,Coffee,Cold Coffee,large,1,6.0,6.0,,
10297,2024-04-07,08:45,ST008,West End,Brisbane,QLD,Australia,Chicken Pesto Panini,Sandwich,Hot,regular,2,9.5,19.0,,
10298,2024-04-07,20:30,ST007,Queen St Mall,Brisbane,QLD,Australia,Latte Large,Coffee,Milk Coffee,large,1,5.5,5.5,Oliver Wilson,Silver
10299,2024-04-07,09:30,ST001,CBD Flagship,Melbourne,VIC,Australia,Earl Grey,Tea,Black Tea,regular,1,4.0,4.0,Sophia Miller,Gold
10299,2024-04-07,09:30,ST001,CBD Flagship,Melbourne,VIC,Australia,Latte,Coffee,Milk Coffee,regular,1,4.8,4.8,Sophia Miller,Gold
10300,2024-04-07,08:45,ST002,Southbank,Melbourne,VIC,Australia,Iced Latte,Coffee,Cold Coffee,large,1,6.0,6.0,,
10301,2024-04-07,20:30,ST002,Southbank,Melbourne,VIC,Australia,Double Espresso,Coffee,Espresso,double,1,4.5,4.5,,
10301,2024-04-07,20:30,ST002,Southbank,Melbourne,VIC,Australia,Almond Croissant,Pastry,Baked,regular,1,5.5,5.5,,
10302,2024-04-08,07:15,ST003,Fitzroy,Melbourne,VIC,Australia,Latte,Coffee,Milk Coffee,regular,1,4.8,4.8,Oliver Wilson,Silver
10303,2024-04-08,08:15,ST005,Surry Hills,Sydney,NSW,Australia,Long Black,Coffee,Black Coffee,regular,1,4.2,4.2,,
10304,2024-04-09,08:45,ST008,West End,Brisbane,QLD,Australia,Flat White,Coffee,Milk Coffee,regular,1,4.8,4.8,William Taylor,Gold
10305,2024-04-09,09:00,ST003,Fitzroy,Melbourne,VIC,Australia,Long Black,Coffee,Black Coffee,regular,1,4.2,4.2,Grace Lewis,Gold
10306,2024-04-10,08:30,ST011,Glenelg,Adelaide,SA,Australia,Chocolate Cookie,Pastry,Cookie,regular,1,3.5,3.5,Lily King,Silver
10306,2024-04-10,08:30,ST011,Glenelg,Adelaide,SA,Australia,Cold Brew,Coffee,Cold Coffee,large,1,5.8,5.8,Lily King,Silver
10306,2024-04-10,08:30,ST011,Glenelg,Adelaide,SA,Australia,Espresso,Coffee,Espresso,single,1,3.5,3.5,Lily King,Silver
10307,2024-04-10,19:30,ST009,Fortitude Valley,Brisbane,QLD,Australia,Double Espresso,Coffee,Espresso,double,1,4.5,4.5,Charlotte Jackson,Gold
10307,2024-04-10,19:30,ST009,Fortitude Valley,Brisbane,QLD,Australia,Cold Brew,Coffee,Cold Coffee,large,1,5.8,5.8,Charlotte Jackson,Gold
10308,2024-04-10,07:15,ST005,Surry Hills,Sydney,NSW,Australia,Flat White,Coffee,Milk Coffee,regular,1,4.8,4.8,Sam Wright,Gold
10309,2024-04-11,13:00,ST007,Queen St Mall,Brisbane,QLD,Australia,Matcha Latte,Tea,Specialty Tea,regular,1,5.8,5.8,,
10309,2024-04-11,13:00,ST007,Queen St Mall,Brisbane,QLD,Australia,Latte,Coffee,Milk Coffee,regular,1,4.8,4.8,,
10309,2024-04-11,13:00,ST007,Queen St Mall,Brisbane,QLD,Australia,Long Black,Coffee,Black Coffee,regular,1,4.2,4.2,,
10310,2024-04-11,16:30,ST007,Queen St Mall,Brisbane,QLD,Australia,Double Espresso,Coffee,Espresso,double,1,4.5,4.5,Max Young,Bronze
10310,2024-04-11,16:30,ST007,Queen St Mall,Brisbane,QLD,Australia,Latte,Coffee,Milk Coffee,regular,1,4.8,4.8,Max Young,Bronze
10311,2024-04-11,13:30,ST005,Surry Hills,Sydney,NSW,Australia,Green Tea,Tea,Green Tea,regular,1,4.0,4.0,Lily King,Silver
10312,2024-04-11,19:30,ST010,Adelaide Central,Adelaide,SA,Australia,Croissant,Pastry,Baked,regular,1,4.5,4.5,,
10312,2024-04-11,19:30,ST010,Adelaide Central,Adelaide,SA,Australia,Cold Brew,Coffee,Cold Coffee,large,1,5.8,5.8,,
10313,2024-04-12,20:15,ST007,Queen St Mall,Brisbane,QLD,Australia,Cold Brew,Coffee,Cold Coffee,large,1,5.8,5.8,,
10314,2024-04-12,13:00,ST006,Bondi,Sydney,NSW,Australia,Iced Latte,Coffee,Cold Coffee,large,1,6.0,6.0,,
10315,2024-04-13,20:45,ST001,CBD Flagship,Melbourne,VIC,Australia,Cappuccino,Coffee,Milk Coffee,regular,1,4.8,4.8,,
10315,2024-04-13,20:45,ST001,CBD Flagship,Melbourne,VIC,Australia,Flat White,Coffee,Milk Coffee,regular,1,4.8,4.8,,
10316,2024-04-13,07:30,ST009,Fortitude Valley,Brisbane,QLD,Australia,Smoked Salmon Bagel,Sandwich,Cold,regular,1,10.0,10.0,,
10317,2024-04-13,17:30,ST011,Glenelg,Adelaide,SA,Australia,Long Black,Coffee,Black Coffee,regular,1,4.2,4.2,,
10317,2024-04-13,17:30,ST011,Glenelg,Adelaide,SA,Australia,Latte,Coffee,Milk Coffee,regular,2,4.8,9.6,,
10317,2024-04-13,17:30,ST011,Glenelg,Adelaide,SA,Australia,Flat White,Coffee,Milk Coffee,regular,1,4.8,4.8,,
10318,2024-04-13,08:15,ST002,Southbank,Melbourne,VIC,Australia,Flat White,Coffee,Milk Coffee,regular,2,4.8,9.6,,
10319,2024-04-13,15:00,ST011,Glenelg,Adelaide,SA,Australia,Smoked Salmon Bagel,Sandwich,Cold,regular,1,10.0,10.0,,
10320,2024-04-14,07:15,ST011,Glenelg,Adelaide,SA,Australia,Flat White Large,Coffee,Milk Coffee,large,2,5.5,11.0,Ethan White,Silver
10321,2024-04-14,07:15,ST002,Southbank,Melbourne,VIC,Australia,Long Black,Coffee,Black Coffee,regular,1,4.2,4.2,Harper Thompson,Bronze
10322,2024-04-14,07:30,ST011,Glenelg,Adelaide,SA,Australia,Long Black,Coffee,Black Coffee,regular,1,4.2,4.2,Chloe Walker,Bronze
10323,2024-04-14,12:00,ST001,CBD Flagship,Melbourne,VIC,Australia,Cold Brew,Coffee,Cold Coffee,large,1,5.8,5.8,Grace Lewis,Gold
10324,2024-04-14,09:45,ST010,Adelaide Central,Adelaide,SA,Australia,Almond Croissant,Pastry,Baked,regular,1,5.5,5.5,,
10324,2024-04-14,09:45,ST010,Adelaide Central,Adelaide,SA,Australia,Iced Latte,Coffee,Cold Coffee,large,1,6.0,6.0,,
10325,2024-04-15,14:45,ST004,George St,Sydney,NSW,Australia,Flat White Large,Coffee,Milk Coffee,large,1,5.5,5.5,Lily King,Silver
10325,2024-04-15,14:45,ST004,George St,Sydney,NSW,Australia,Sparkling Water,Beverage,Water,bottle,1,3.5,3.5,Lily King,Silver
10326,2024-04-15,16:00,ST012,Norwood,Adelaide,SA,Australia,Latte Large,Coffee,Milk Coffee,large,1,5.5,5.5,,
10327,2024-04-16,08:45,ST004,George St,Sydney,NSW,Australia,Espresso,Coffee,Espresso,single,1,3.5,3.5,,
10328,2024-04-16,13:45,ST007,Queen St Mall,Brisbane,QLD,Australia,Latte Large,Coffee,Milk Coffee,large,2,5.5,11.0,Liam Johnson,Silver
10329,2024-04-16,09:15,ST004,George St,Sydney,NSW,Australia,Green Tea,Tea,Green Tea,regular,1,4.0,4.0,Lucas Thomas,Bronze
10330,2024-04-16,06:15,ST010,Adelaide Central,Adelaide,SA,Australia,Flat White,Coffee,Milk Coffee,regular,2,4.8,9.6,William Taylor,Gold
10331,2024-04-17,08:00,ST004,George St,Sydney,NSW,Australia,Iced Latte,Coffee,Cold Coffee,large,1,6.0,6.0,,
10331,2024-04-17,08:00,ST004,George St,Sydney,NSW,Australia,Long Black,Coffee,Black Coffee,regular,1,4.2,4.2,,
10331,2024-04-17,08:00,ST004,George St,Sydney,NSW,Australia,Smoked Salmon Bagel,Sandwich,Cold,regular,1,10.0,10.0,,
10332,2024-04-17,07:00,ST004,George St,Sydney,NSW,Australia,Flat White Large,Coffee,Milk Coffee,large,1,5.5,5.5,,
10333,2024-04-17,08:30,ST003,Fitzroy,Melbourne,VIC,Australia,Chocolate Cookie,Pastry,Cookie,regular,1,3.5,3.5,,
10333,2024-04-17,08:30,ST003,Fitzroy,Melbourne,VIC,Australia,Green Tea,Tea,Green Tea,regular,1,4.0,4.0,,
10334,2024-04-17,07:30,ST003,Fitzroy,Melbourne,VIC,Australia,Cappuccino,Coffee,Milk Coffee,regular,1,4.8,4.8,Max Young,Bronze
10335,2024-04-18,08:15,ST006,Bondi,Sydney,NSW,Australia,Almond Croissant,Pastry,Baked,regular,1,5.5,5.5,Liam Johnson,Silver
10336,2024-04-18,13:00,ST004,George St,Sydney,NSW,Australia,Latte Large,Coffee,Milk Coffee,large,1,5.5,5.5,,
10336,2024-04-18,13:00,ST004,George St,Sydney,NSW,Australia,Almond Croissant,Pastry,Baked,regular,1,5.5,5.5,,
10337,2024-04-18,06:45,ST010,Adelaide Central,Adelaide,SA,Australia,Smoked Salmon Bagel,Sandwich,Cold,regular,1,10.0,10.0,Chloe Walker,Bronze
10338,2024-04-18,07:30,ST008,West End,Brisbane,QLD,Australia,Banana Bread,Pastry,Bread,slice,1,5.0,5.0,,
10339,2024-04-19,11:15,ST009,Fortitude Valley,Brisbane,QLD,Australia,Orange Juice,Beverage,Juice,regular,1,5.5,5.5,,
10340,2024-04-19,13:30,ST002,Southbank,Melbourne,VIC,Australia,Flat White,Coffee,Milk Coffee,regular,1,4.8,4.8,Ruby Scott,Bronze
10340,2024-04-19,13:30,ST002,Southbank,Melbourne,VIC,Australia,Iced Latte,Coffee,Cold Coffee,large,1,6.0,6.0,Ruby Scott,Bronze
10341,2024-04-20,16:30,ST004,George St,Sydney,NSW,Australia,Long Black,Coffee,Black Coffee,regular,1,4.2,4.2,Noah Brown,Gold
10342,2024-04-20,15:30,ST006,Bondi,Sydney,NSW,Australia,Flat White Large,Coffee,Milk Coffee,large,1,5.5,5.5,,
10343,2024-04-20,07:15,ST004,George St,Sydney,NSW,Australia,Flat White,Coffee,Milk Coffee,regular,1,4.8,4.8,Ruby Scott,Bronze
10344,2024-04-20,08:45,ST001,CBD Flagship,Melbourne,VIC,Australia,Ham & Cheese Toastie,Sandwich,Hot,regular,2,8.5,17.0,,
10344,2024-04-20,08:45,ST001,CBD Flagship,Melbourne,VIC,Australia,Iced Latte,Coffee,Cold Coffee,large,1,6.0,6.0,,
10344,2024-04-20,08:45,ST001,CBD Flagship,Melbourne,VIC,Australia,Latte,Coffee,Milk Coffee,regular,1,4.8,4.8,,
10345,2024-04-20,14:45,ST003,Fitzroy,Melbourne,VIC,Australia,Flat White Large,Coffee,Milk Coffee,large,2,5.5,11.0,Emma Smith,Gold
10345,2024-04-20,14:45,ST003,Fitzroy,Melbourne,VIC,Australia,Iced Latte,Coffee,Cold Coffee,large,1,6.0,6.0,Emma Smith,Gold
10345,2024-04-20,14:45,ST003,Fitzroy,Melbourne,VIC,Australia,Latte Large,Coffee,Milk Coffee,large,1,5.5,5.5,Emma Smith,Gold
10346,2024-04-21,08:30,ST011,Glenelg,Adelaide,SA,Australia,Blueberry Muffin,Pastry,Muffin,regular,1,4.8,4.8,,
10347,2024-04-21,13:00,ST001,CBD Flagship,Melbourne,VIC,Australia,Flat White Large,Coffee,Milk Coffee,large,1,5.5,5.5,,
10347,2024-04-21,13:00,ST001,CBD Flagship,Melbourne,VIC,Australia,Latte,Coffee,Milk Coffee,regular,1,4.8,4.8,,
10348,2024-04-22,14:30,ST001,CBD Flagship,Melbourne,VIC,Australia,Latte,Coffee,Milk Coffee,regular,1,4.8,4.8,Oliver Wilson,Silver
10349,2024-04-22,07:45,ST009,Fortitude Valley,Brisbane,QLD,Australia,Flat White,Coffee,Milk Coffee,regular,1,4.8,4.8,Charlotte Jackson,Gold
10350,2024-04-22,13:00,ST004,George St,Sydney,NSW,Australia,Cold Brew,Coffee,Cold Coffee,large,1,5.8,5.8,,
10351,2024-04-23,15:45,ST011,Glenelg,Adelaide,SA,Australia,Cold Brew,Coffee,Cold Coffee,large,1,5.8,5.8,Grace Lewis,Gold
10352,2024-04-23,07:00,ST006,Bondi,Sydney,NSW,Australia,Iced Latte,Coffee,Cold Coffee,large,1,6.0,6.0,Isabella Anderson,Silver
10353,2024-04-24,12:15,ST004,George St,Sydney,NSW,Australia,Flat White,Coffee,Milk Coffee,regular,2,4.8,9.6,Chloe Walker,Bronze
10353,2024-04-24,12:15,ST004,George St,Sydney,NSW,Australia,Double Espresso,Coffee,Espresso,double,1,4.5,4.5,Chloe Walker,Bronze
10354,2024-04-24,08:45,ST006,Bondi,Sydney,NSW,Australia,Smoked Salmon Bagel,Sandwich,Cold,regular,1,10.0,10.0,,
10355,2024-04-24,09:15,ST002,Southbank,Melbourne,VIC,Australia,Flat White,Coffee,Milk Coffee,regular,1,4.8,4.8,,
10356,2024-04-25,18:15,ST008,West End,Brisbane,QLD,Australia,Cappuccino,Coffee,Milk Coffee,regular,1,4.8,4.8,Lily King,Silver
10356,2024-04-25,18:15,ST008,West End,Brisbane,QLD,Australia,Long Black,Coffee,Black Coffee,regular,1,4.2,4.2,Lily King,Silver
10357,2024-04-25,10:00,ST006,Bondi,Sydney,NSW,Australia,Latte,Coffee,Milk Coffee,regular,1,4.8,4.8,,
10357,2024-04-25,10:00,ST006,Bondi,Sydney,NSW,Australia,Cappuccino,Coffee,Milk Coffee,regular,1,4.8,4.8,,
10357,2024-04-25,10:00,ST006,Bondi,Sydney,NSW,Australia,Double Espresso,Coffee,Espresso,double,1,4.5,4.5,,
10358,2024-04-26,09:00,ST005,Surry Hills,Sydney,NSW,Australia,Veggie Wrap,Sandwich,Cold,regular,1,8.0,8.0,,
10358,2024-04-26,09:00,ST005,Surry Hills,Sydney,NSW,Australia,Chicken Pesto Panini,Sandwich,Hot,regular,2,9.5,19.0,,
10358,2024-04-26,09:00,ST005,Surry Hills,Sydney,NSW,Australia,Flat White Large,Coffee,Milk Coffee,large,1,5.5,5.5,,
10359,2024-04-26,07:30,ST011,Glenelg,Adelaide,SA,Australia,Latte Large,Coffee,Milk Coffee,large,2,5.5,11.0,,
10359,2024-04-26,07:30,ST011,Glenelg,Adelaide,SA,Australia,Double Espresso,Coffee,Espresso,double,1,4.5,4.5,,
10360,2024-04-27,07:45,ST006,Bondi,Sydney,NSW,Australia,Almond Croissant,Pastry,Baked,regular,1,5.5,5.5,,
10361,2024-04-27,19:00,ST004,George St,Sydney,NSW,Australia,Ham & Cheese Toastie,Sandwich,Hot,regular,1,8.5,8.5,,
10361,2024-04-27,19:00,ST004,George St,Sydney,NSW,Australia,Double Espresso,Coffee,Espresso,double,1,4.5,4.5,,
10362,2024-04-27,13:00,ST007,Queen St Mall,Brisbane,QLD,Australia,Sparkling Water,Beverage,Water,bottle,1,3.5,3.5,Emma Smith,Gold
10363,2024-04-27,06:00,ST011,Glenelg,Adelaide,SA,Australia,Cappuccino,Coffee,Milk Coffee,regular,1,4.8,4.8,Aiden Clark,Bronze
10363,2024-04-27,06:00,ST011,Glenelg,Adelaide,SA,Australia,Long Black,Coffee,Black Coffee,regular,1,4.2,4.2,Aiden Clark,Bronze
10363,2024-04-27,06:00,ST011,Glenelg,Adelaide,SA,Australia,Latte,Coffee,Milk Coffee,regular,1,4.8,4.8,Aiden Clark,Bronze
10364,2024-04-27,16:45,ST007,Queen St Mall,Brisbane,QLD,Australia,Flat White,Coffee,Milk Coffee,regular,2,4.8,9.6,,
10364,2024-04-27,16:45,ST007,Queen St Mall,Brisbane,QLD,Australia,Iced Latte,Coffee,Cold Coffee,large,1,6.0,6.0,,
10365,2024-04-28,10:30,ST010,Adelaide Central,Adelaide,SA,Australia,Latte Large,Coffee,Milk Coffee,large,1,5.5,5.5,,
10366,2024-04-28,08:30,ST007,Queen St Mall,Brisbane,QLD,Australia,Chocolate Cookie,Pastry,Cookie,regular,1,3.5,3.5,Lucas Thomas,Bronze
10367,2024-04-28,10:15,ST003,Fitzroy,Melbourne,VIC,Australia,Croissant,Pastry,Baked,regular,1,4.5,4.5,James Davis,Bronze
10368,2024-04-29,14:15,ST004,George St,Sydney,NSW,Australia,Banana Bread,Pastry,Bread,slice,1,5.0,5.0,Charlotte Jackson,Gold
10368,2024-04-29,14:15,ST004,George St,Sydney,NSW,Australia,Long Black,Coffee,Black Coffee,regular,2,4.2,8.4,Charlotte Jackson,Gold
10368,2024-04-29,14:15,ST004,George St,Sydney,NSW,Australia,Flat White,Coffee,Milk Coffee,regular,2,4.8,9.6,Charlotte Jackson,Gold
10369,2024-04-29,06:45,ST009,Fortitude Valley,Brisbane,QLD,Australia,Chocolate Cookie,Pastry,Cookie,regular,1,3.5,3.5,Oliver Wilson,Silver
10369,2024-04-29,06:45,ST009,Fortitude Valley,Brisbane,QLD,Australia,Flat White,Coffee,Milk Coffee,regular,2,4.8,9.6,Oliver Wilson,Silver
10369,2024-04-29,06:45,ST009,Fortitude Valley,Brisbane,QLD,Australia,Double Espresso,Coffee,Espresso,double,2,4.5,9.0,Oliver Wilson,Silver
10370,2024-04-30,17:45,ST004,George St,Sydney,NSW,Australia,Flat White Large,Coffee,Milk Coffee,large,1,5.5,5.5,,
10371,2024-04-30,14:00,ST004,George St,Sydney,NSW,Australia,English Breakfast,Tea,Black Tea,regular,1,4.0,4.0,,
10371,2024-04-30,14:00,ST004,George St,Sydney,NSW,Australia,Almond Croissant,Pastry,Baked,regular,1,5.5,5.5,,
10372,2024-04-30,07:00,ST006,Bondi,Sydney,NSW,Australia,Earl Grey,Tea,Black Tea,regular,1,4.0,4.0,,
10373,2024-04-30,15:15,ST008,West End,Brisbane,QLD,Australia,Latte,Coffee,Milk Coffee,regular,1,4.8,4.8,Sam Wright,Gold
10373,2024-04-30,15:15,ST008,West End,Brisbane,QLD,Australia,Cold Brew,Coffee,Cold Coffee,large,1,5.8,5.8,Sam Wright,Gold
10373,2024-04-30,15:15,ST008,West End,Brisbane,QLD,Australia,Smoked Salmon Bagel,Sandwich,Cold,regular,1,10.0,10.0,Sam Wright,Gold
10374,2024-05-01,14:15,ST004,George St,Sydney,NSW,Australia,Double Espresso,Coffee,Espresso,double,1,4.5,4.5,,
10375,2024-05-01,08:30,ST010,Adelaide Central,Adelaide,SA,Australia,Flat White Large,Coffee,Milk Coffee,large,1,5.5,5.5,,
10375,2024-05-01,08:30,ST010,Adelaide Central,Adelaide,SA,Australia,Chocolate Cookie,Pastry,Cookie,regular,1,3.5,3.5,,
10376,2024-05-02,16:30,ST009,Fortitude Valley,Brisbane,QLD,Australia,Long Black,Coffee,Black Coffee,regular,2,4.2,8.4,,
10377,2024-05-02,12:30,ST010,Adelaide Central,Adelaide,SA,Australia,Cappuccino,Coffee,Milk Coffee,regular,1,4.8,4.8,,
10377,2024-05-02,12:30,ST010,Adelaide Central,Adelaide,SA,Australia,Espresso,Coffee,Espresso,single,1,3.5,3.5,,
10377,2024-05-02,12:30,ST010,Adelaide Central,Adelaide,SA,Australia,Croissant,Pastry,Baked,regular,1,4.5,4.5,,
10378,2024-05-03,06:15,ST006,Bondi,Sydney,NSW,Australia,Earl Grey,Tea,Black Tea,regular,1,4.0,4.0,,
10378,2024-05-03,06:15,ST006,Bondi,Sydney,NSW,Australia,Double Espresso,Coffee,Espresso,double,1,4.5,4.5,,
10379,2024-05-03,19:00,ST010,Adelaide Central,Adelaide,SA,Australia,Flat White,Coffee,Milk Coffee,regular,1,4.8,4.8,,
10379,2024-05-03,19:00,ST010,Adelaide Central,Adelaide,SA,Australia,Espresso,Coffee,Espresso,single,1,3.5,3.5,,
10380,2024-05-03,17:30,ST012,Norwood,Adelaide,SA,Australia,Espresso,Coffee,Espresso,single,1,3.5,3.5,,
10380,2024-05-03,17:30,ST012,Norwood,Adelaide,SA,Australia,Chai Latte,Tea,Specialty Tea,regular,2,5.2,10.4,,
10380,2024-05-03,17:30,ST012,Norwood,Adelaide,SA,Australia,Banana Bread,Pastry,Bread,slice,1,5.0,5.0,,
10381,2024-05-04,12:15,ST005,Surry Hills,Sydney,NSW,Australia,Latte,Coffee,Milk Coffee,regular,1,4.8,4.8,Aiden Clark,Bronze
10381,2024-05-04,12:15,ST005,Surry Hills,Sydney,NSW,Australia,Chocolate Cookie,Pastry,Cookie,regular,1,3.5,3.5,Aiden Clark,Bronze
10382,2024-05-04,20:00,ST010,Adelaide Central,Adelaide,SA,Australia,Flat White Large,Coffee,Milk Coffee,large,1,5.5,5.5,,
10383,2024-05-04,14:15,ST002,Southbank,Melbourne,VIC,Australia,Latte,Coffee,Milk Coffee,regular,1,4.8,4.8,Ella Robinson,Silver
10383,2024-05-04,14:15,ST002,Southbank,Melbourne,VIC,Australia,Flat White Large,Coffee,Milk Coffee,large,1,5.5,5.5,Ella Robinson,Silver
10383,2024-05-04,14:15,ST002,Southbank,Melbourne,VIC,Australia,Cappuccino,Coffee,Milk Coffee,regular,1,4.8,4.8,Ella Robinson,Silver
10384,2024-05-05,13:30,ST002,Southbank,Melbourne,VIC,Australia,Hot Chocolate,Beverage,Chocolate,regular,1,5.0,5.0,,
10384,2024-05-05,13:30,ST002,Southbank,Melbourne,VIC,Australia,Smoked Salmon Bagel,Sandwich,Cold,regular,2,10.0,20.0,,
10384,2024-05-05,13:30,ST002,Southbank,Melbourne,VIC,Australia,Cappuccino,Coffee,Milk Coffee,regular,1,4.8,4.8,,
10385,2024-05-05,08:00,ST009,Fortitude Valley,Brisbane,QLD,Australia,Cold Brew,Coffee,Cold Coffee,large,2,5.8,11.6,,
10385,2024-05-05,08:00,ST009,Fortitude Valley,Brisbane,QLD,Australia,Double Espresso,Coffee,Espresso,double,1,4.5,4.5,,
10385,2024-05-05,08:00,ST009,Fortitude Valley,Brisbane,QLD,Australia,Iced Latte,Coffee,Cold Coffee,large,1,6.0,6.0,,
10386,2024-05-06,07:45,ST010,Adelaide Central,Adelaide,SA,Australia,Latte Large,Coffee,Milk Coffee,large,1,5.5,5.5,,
10387,2024-05-06,08:30,ST003,Fitzroy,Melbourne,VIC,Australia,Long Black,Coffee,Black Coffee,regular,1,4.2,4.2,,
10388,2024-05-06,11:00,ST004,George St,Sydney,NSW,Australia,Cold Brew,Coffee,Cold Coffee,large,1,5.8,5.8,Lily King,Silver
10389,2024-05-06,07:30,ST012,Norwood,Adelaide,SA,Australia,Double Espresso,Coffee,Espresso,double,1,4.5,4.5,Isabella Anderson,Silver
10390,2024-05-07,13:15,ST004,George St,Sydney,NSW,Australia,Double Espresso,Coffee,Espresso,double,1,4.5,4.5,,
10390,2024-05-07,13:15,ST004,George St,Sydney,NSW,Australia,Cold Brew,Coffee,Cold Coffee,large,1,5.8,5.8,,
10391,2024-05-07,07:30,ST006,Bondi,Sydney,NSW,Australia,Espresso,Coffee,Espresso,single,1,3.5,3.5,Jack Martin,Silver
10392,2024-05-08,09:45,ST007,Queen St Mall,Brisbane,QLD,Australia,Cappuccino,Coffee,Milk Coffee,regular,1,4.8,4.8,,
10393,2024-05-08,18:30,ST008,West End,Brisbane,QLD,Australia,Flat White,Coffee,Milk Coffee,regular,1,4.8,4.8,,
10393,2024-05-08,18:30,ST008,West End,Brisbane,QLD,Australia,Long Black,Coffee,Black Coffee,regular,1,4.2,4.2,,
10394,2024-05-08,07:30,ST009,Fortitude Valley,Brisbane,QLD,Australia,Iced Latte,Coffee,Cold Coffee,large,2,6.0,12.0,,
10394,2024-05-08,07:30,ST009,Fortitude Valley,Brisbane,QLD,Australia,Cappuccino,Coffee,Milk Coffee,regular,1,4.8,4.8,,
10395,2024-05-09,08:15,ST012,Norwood,Adelaide,SA,Australia,Cold Brew,Coffee,Cold Coffee,large,1,5.8,5.8,,
10396,2024-05-09,12:15,ST006,Bondi,Sydney,NSW,Australia,Flat White Large,Coffee,Milk Coffee,large,2,5.5,11.0,Isabella Anderson,Silver
10396,2024-05-09,12:15,ST006,Bondi,Sydney,NSW,Australia,Latte Large,Coffee,Milk Coffee,large,1,5.5,5.5,Isabella Anderson,Silver
10397,2024-05-10,15:30,ST006,Bondi,Sydney,NSW,Australia,Cold Brew,Coffee,Cold Coffee,large,1,5.8,5.8,,
10397,2024-05-10,15:30,ST006,Bondi,Sydney,NSW,Australia,Earl Grey,Tea,Black Tea,regular,1,4.0,4.0,,
10397,2024-05-10,15:30,ST006,Bondi,Sydney,NSW,Australia,Long Black,Coffee,Black Coffee,regular,1,4.2,4.2,,
10398,2024-05-10,09:00,ST005,Surry Hills,Sydney,NSW,Australia,Chocolate Cookie,Pastry,Cookie,regular,2,3.5,7.0,Sam Wright,Gold
10399,2024-05-10,08:30,ST004,George St,Sydney,NSW,Australia,Latte,Coffee,Milk Coffee,regular,1,4.8,4.8,Sophia Miller,Gold
10399,2024-05-10,08:30,ST004,George St,Sydney,NSW,Australia,Cappuccino,Coffee,Milk Coffee,regular,1,4.8,4.8,Sophia Miller,Gold
10400,2024-05-11,12:45,ST005,Surry Hills,Sydney,NSW,Australia,Cappuccino,Coffee,Milk Coffee,regular,1,4.8,4.8,,
10400,2024-05-11,12:45,ST005,Surry Hills,Sydney,NSW,Australia,Almond Croissant,Pastry,Baked,regular,1,5.5,5.5,,
10400,2024-05-11,12:45,ST005,Surry Hills,Sydney,NSW,Australia,Latte Large,Coffee,Milk Coffee,large,1,5.5,5.5,,
10401,2024-05-11,10:30,ST007,Queen St Mall,Brisbane,QLD,Australia,Latte Large,Coffee,Milk Coffee,large,1,5.5,5.5,,
10401,2024-05-11,10:30,ST007,Queen St Mall,Brisbane,QLD,Australia,Espresso,Coffee,Espresso,single,1,3.5,3.5,,
10402,2024-05-11,07:00,ST002,Southbank,Melbourne,VIC,Australia,Cold Brew,Coffee,Cold Coffee,large,1,5.8,5.8,Jack Martin,Silver
10403,2024-05-12,12:15,ST005,Surry Hills,Sydney,NSW,Australia,Chicken Pesto Panini,Sandwich,Hot,regular,1,9.5,9.5,Isabella Anderson,Silver
10403,2024-05-12,12:15,ST005,Surry Hills,Sydney,NSW,Australia,Double Espresso,Coffee,Espresso,double,1,4.5,4.5,Isabella Anderson,Silver
10404,2024-05-12,12:00,ST004,George St,Sydney,NSW,Australia,Flat White Large,Coffee,Milk Coffee,large,1,5.5,5.5,,
10404,2024-05-12,12:00,ST004,George St,Sydney,NSW,Australia,Smoked Salmon Bagel,Sandwich,Cold,regular,1,10.0,10.0,,
10404,2024-05-12,12:00,ST004,George St,Sydney,NSW,Australia,Cold Brew,Coffee,Cold Coffee,large,1,5.8,5.8,,
10405,2024-05-12,08:45,ST010,Adelaide Central,Adelaide,SA,Australia,Latte,Coffee,Milk Coffee,regular,2,4.8,9.6,Harper Thompson,Bronze
10405,2024-05-12,08:45,ST010,Adelaide Central,Adelaide,SA,Australia,Espresso,Coffee,Espresso,single,1,3.5,3.5,Harper Thompson,Bronze
10406,2024-05-13,07:00,ST005,Surry Hills,Sydney,NSW,Australia,Flat White,Coffee,Milk Coffee,regular,2,4.8,9.6,James Davis,Bronze
10406,2024-05-13,07:00,ST005,Surry Hills,Sydney,NSW,Australia,Espresso,Coffee,Espresso,single,1,3.5,3.5,James Davis,Bronze
10407,2024-05-13,08:30,ST008,West End,Brisbane,QLD,Australia,Latte Large,Coffee,Milk Coffee,large,2,5.5,11.0,Ben Hall,Silver
10407,2024-05-13,08:30,ST008,West End,Brisbane,QLD,Australia,Double Espresso,Coffee,Espresso,double,1,4.5,4.5,Ben Hall,Silver
10407,2024-05-13,08:30,ST008,West End,Brisbane,QLD,Australia,Espresso,Coffee,Espresso,single,1,3.5,3.5,Ben Hall,Silver
10408,2024-05-14,13:30,ST009,Fortitude Valley,Brisbane,QLD,Australia,Latte,Coffee,Milk Coffee,regular,1,4.8,4.8,,
10409,2024-05-14,12:15,ST008,West End,Brisbane,QLD,Australia,Iced Latte,Coffee,Cold Coffee,large,1,6.0,6.0,Lucas Thomas,Bronze
10410,2024-05-14,08:15,ST005,Surry Hills,Sydney,NSW,Australia,Cappuccino,Coffee,Milk Coffee,regular,2,4.8,9.6,Grace Lewis,Gold
10410,2024-05-14,08:15,ST005,Surry Hills,Sydney,NSW,Australia,Espresso,Coffee,Espresso,single,1,3.5,3.5,Grace Lewis,Gold
10411,2024-05-14,07:30,ST007,Queen St Mall,Brisbane,QLD,Australia,Flat White Large,Coffee,Milk Coffee,large,1,5.5,5.5,,
10412,2024-05-15,17:30,ST006,Bondi,Sydney,NSW,Australia,Matcha Latte,Tea,Specialty Tea,regular,1,5.8,5.8,Ruby Scott,Bronze
10413,2024-05-15,06:30,ST003,Fitzroy,Melbourne,VIC,Australia,Almond Croissant,Pastry,Baked,regular,1,5.5,5.5,Ben Hall,Silver
10413,2024-05-15,06:30,ST003,Fitzroy,Melbourne,VIC,Australia,Latte,Coffee,Milk Coffee,regular,1,4.8,4.8,Ben Hall,Silver
10414,2024-05-15,08:45,ST003,Fitzroy,Melbourne,VIC,Australia,Blueberry Muffin,Pastry,Muffin,regular,1,4.8,4.8,Ethan White,Silver
10414,2024-05-15,08:45,ST003,Fitzroy,Melbourne,VIC,Australia,Egg & Bacon Roll,Sandwich,Hot,regular,1,7.5,7.5,Ethan White,Silver
10414,2024-05-15,08:45,ST003,Fitzroy,Melbourne,VIC,Australia,Double Espresso,Coffee,Espresso,double,1,4.5,4.5,Ethan White,Silver
10415,2024-05-16,16:00,ST008,West End,Brisbane,QLD,Australia,Flat White,Coffee,Milk Coffee,regular,1,4.8,4.8,,
10415,2024-05-16,16:00,ST008,West End,Brisbane,QLD,Australia,Croissant,Pastry,Baked,regular,1,4.5,4.5,,
10416,2024-05-16,13:45,ST012,Norwood,Adelaide,SA,Australia,Latte,Coffee,Milk Coffee,regular,1,4.8,4.8,,
10416,2024-05-16,13:45,ST012,Norwood,Adelaide,SA,Australia,Cappuccino,Coffee,Milk Coffee,regular,1,4.8,4.8,,
10417,2024-05-16,14:00,ST010,Adelaide Central,Adelaide,SA,Australia,Matcha Latte,Tea,Specialty Tea,regular,1,5.8,5.8,Sam Wright,Gold
10418,2024-05-16,19:15,ST005,Surry Hills,Sydney,NSW,Australia,Banana Bread,Pastry,Bread,slice,1,5.0,5.0,Harper Thompson,Bronze
10419,2024-05-17,12:45,ST001,CBD Flagship,Melbourne,VIC,Australia,Latte,Coffee,Milk Coffee,regular,1,4.8,4.8,Grace Lewis,Gold
10419,2024-05-17,12:45,ST001,CBD Flagship,Melbourne,VIC,Australia,Double Espresso,Coffee,Espresso,double,1,4.5,4.5,Grace Lewis,Gold
10420,2024-05-17,08:15,ST004,George St,Sydney,NSW,Australia,Cappuccino,Coffee,Milk Coffee,regular,1,4.8,4.8,Emma Smith,Gold
10420,2024-05-17,08:15,ST004,George St,Sydney,NSW,Australia,Iced Latte,Coffee,Cold Coffee,large,1,6.0,6.0,Emma Smith,Gold
10421,2024-05-18,12:00,ST011,Glenelg,Adelaide,SA,Australia,Cappuccino,Coffee,Milk Coffee,regular,1,4.8,4.8,,
10421,2024-05-18,12:00,ST011,Glenelg,Adelaide,SA,Australia,Blueberry Muffin,Pastry,Muffin,regular,1,4.8,4.8,,
10422,2024-05-18,07:45,ST001,CBD Flagship,Melbourne,VIC,Australia,Latte Large,Coffee,Milk Coffee,large,1,5.5,5.5,Ethan White,Silver
10423,2024-05-18,06:00,ST010,Adelaide Central,Adelaide,SA,Australia,Ham & Cheese Toastie,Sandwich,Hot,regular,2,8.5,17.0,Ethan White,Silver
10424,2024-05-19,07:45,ST009,Fortitude Valley,Brisbane,QLD,Australia,Double Espresso,Coffee,Espresso,double,2,4.5,9.0,,
10425,2024-05-19,12:00,ST005,Surry Hills,Sydney,NSW,Australia,Flat White,Coffee,Milk Coffee,regular,1,4.8,4.8,Noah Brown,Gold
10426,2024-05-19,08:15,ST006,Bondi,Sydney,NSW,Australia,Flat White,Coffee,Milk Coffee,regular,1,4.8,4.8,,
10427,2024-05-20,14:15,ST007,Queen St Mall,Brisbane,QLD,Australia,Flat White,Coffee,Milk Coffee,regular,1,4.8,4.8,,
10428,2024-05-20,08:45,ST012,Norwood,Adelaide,SA,Australia,Latte Large,Coffee,Milk Coffee,large,1,5.5,5.5,Jack Martin,Silver
10428,2024-05-20,08:45,ST012,Norwood,Adelaide,SA,Australia,Flat White,Coffee,Milk Coffee,regular,1,4.8,4.8,Jack Martin,Silver
10429,2024-05-20,08:15,ST005,Surry Hills,Sydney,NSW,Australia,Earl Grey,Tea,Black Tea,regular,1,4.0,4.0,,
10430,2024-05-20,14:00,ST008,West End,Brisbane,QLD,Australia,Espresso,Coffee,Espresso,single,1,3.5,3.5,William Taylor,Gold
10431,2024-05-21,12:15,ST007,Queen St Mall,Brisbane,QLD,Australia,Orange Juice,Beverage,Juice,regular,1,5.5,5.5,William Taylor,Gold
10431,2024-05-21,12:15,ST007,Queen St Mall,Brisbane,QLD,Australia,Flat White,Coffee,Milk Coffee,regular,1,4.8,4.8,William Taylor,Gold
10432,2024-05-21,11:00,ST010,Adelaide Central,Adelaide,SA,Australia,Flat White,Coffee,Milk Coffee,regular,1,4.8,4.8,Emma Smith,Gold
10433,2024-05-21,08:15,ST005,Surry Hills,Sydney,NSW,Australia,Banana Bread,Pastry,Bread,slice,1,5.0,5.0,Lily King,Silver
10434,2024-05-22,16:15,ST002,Southbank,Melbourne,VIC,Australia,Flat White,Coffee,Milk Coffee,regular,1,4.8,4.8,Ella Robinson,Silver
10435,2024-05-22,12:00,ST005,Surry Hills,Sydney,NSW,Australia,Earl Grey,Tea,Black Tea,regular,1,4.0,4.0,James Davis,Bronze
10436,2024-05-22,09:30,ST011,Glenelg,Adelaide,SA,Australia,Long Black,Coffee,Black Coffee,regular,1,4.2,4.2,,
10437,2024-05-23,19:15,ST010,Adelaide Central,Adelaide,SA,Australia,Cold Brew,Coffee,Cold Coffee,large,1,5.8,5.8,Tom Green,Silver
10437,2024-05-23,19:15,ST010,Adelaide Central,Adelaide,SA,Australia,Latte Large,Coffee,Milk Coffee,large,1,5.5,5.5,Tom Green,Silver
10438,2024-05-23,14:45,ST004,George St,Sydney,NSW,Australia,Cold Brew,Coffee,Cold Coffee,large,2,5.8,11.6,,
10438,2024-05-23,14:45,ST004,George St,Sydney,NSW,Australia,Chicken Pesto Panini,Sandwich,Hot,regular,1,9.5,9.5,,
10438,2024-05-23,14:45,ST004,George St,Sydney,NSW,Australia,Espresso,Coffee,Espresso,single,1,3.5,3.5,,
10439,2024-05-23,12:15,ST004,George St,Sydney,NSW,Australia,Espresso,Coffee,Espresso,single,1,3.5,3.5,Lucas Thomas,Bronze
10440,2024-05-23,15:45,ST001,CBD Flagship,Melbourne,VIC,Australia,Chocolate Cookie,Pastry,Cookie,regular,1,3.5,3.5,Ethan White,Silver
10441,2024-05-24,08:45,ST001,CBD Flagship,Melbourne,VIC,Australia,Chai Latte,Tea,Specialty Tea,regular,1,5.2,5.2,,
10442,2024-05-24,06:45,ST002,Southbank,Melbourne,VIC,Australia,Long Black,Coffee,Black Coffee,regular,1,4.2,4.2,Zoe Allen,Gold
10442,2024-05-24,06:45,ST002,Southbank,Melbourne,VIC,Australia,Chocolate Cookie,Pastry,Cookie,regular,1,3.5,3.5,Zoe Allen,Gold
10443,2024-05-25,08:30,ST004,George St,Sydney,NSW,Australia,Latte,Coffee,Milk Coffee,regular,1,4.8,4.8,,
10443,2024-05-25,08:30,ST004,George St,Sydney,NSW,Australia,Almond Croissant,Pastry,Baked,regular,1,5.5,5.5,,
10444,2024-05-25,08:45,ST007,Queen St Mall,Brisbane,QLD,Australia,Croissant,Pastry,Baked,regular,1,4.5,4.5,Isabella Anderson,Silver
10445,2024-05-26,15:00,ST001,CBD Flagship,Melbourne,VIC,Australia,Iced Latte,Coffee,Cold Coffee,large,2,6.0,12.0,,
10445,2024-05-26,15:00,ST001,CBD Flagship,Melbourne,VIC,Australia,Orange Juice,Beverage,Juice,regular,1,5.5,5.5,,
10445,2024-05-26,15:00,ST001,CBD Flagship,Melbourne,VIC,Australia,Latte Large,Coffee,Milk Coffee,large,1,5.5,5.5,,
10446,2024-05-26,16:45,ST007,Queen St Mall,Brisbane,QLD,Australia,Flat White,Coffee,Milk Coffee,regular,1,4.8,4.8,,
10446,2024-05-26,16:45,ST007,Queen St Mall,Brisbane,QLD,Australia,Cold Brew,Coffee,Cold Coffee,large,1,5.8,5.8,,
10446,2024-05-26,16:45,ST007,Queen St Mall,Brisbane,QLD,Australia,Double Espresso,Coffee,Espresso,double,1,4.5,4.5,,
10447,2024-05-26,07:30,ST009,Fortitude Valley,Brisbane,QLD,Australia,Iced Latte,Coffee,Cold Coffee,large,1,6.0,6.0,,
10448,2024-05-27,08:15,ST008,West End,Brisbane,QLD,Australia,Chocolate Cookie,Pastry,Cookie,regular,1,3.5,3.5,William Taylor,Gold
10449,2024-05-27,07:15,ST012,Norwood,Adelaide,SA,Australia,Latte Large,Coffee,Milk Coffee,large,1,5.5,5.5,,
10449,2024-05-27,07:15,ST012,Norwood,Adelaide,SA,Australia,Long Black,Coffee,Black Coffee,regular,1,4.2,4.2,,
10450,2024-05-28,15:00,ST009,Fortitude Valley,Brisbane,QLD,Australia,Espresso,Coffee,Espresso,single,1,3.5,3.5,,
10450,2024-05-28,15:00,ST009,Fortitude Valley,Brisbane,QLD,Australia,Chocolate Cookie,Pastry,Cookie,regular,1,3.5,3.5,,
10451,2024-05-28,10:15,ST009,Fortitude Valley,Brisbane,QLD,Australia,Blueberry Muffin,Pastry,Muffin,regular,1,4.8,4.8,Chloe Walker,Bronze
10452,2024-05-29,07:45,ST009,Fortitude Valley,Brisbane,QLD,Australia,Smoked Salmon Bagel,Sandwich,Cold,regular,1,10.0,10.0,,
10453,2024-05-29,13:45,ST002,Southbank,Melbourne,VIC,Australia,Cappuccino,Coffee,Milk Coffee,regular,1,4.8,4.8,Mia Moore,Bronze
10454,2024-05-29,08:30,ST002,Southbank,Melbourne,VIC,Australia,Double Espresso,Coffee,Espresso,double,1,4.5,4.5,,
10454,2024-05-29,08:30,ST002,Southbank,Melbourne,VIC,Australia,Espresso,Coffee,Espresso,single,1,3.5,3.5,,
10455,2024-05-30,12:45,ST011,Glenelg,Adelaide,SA,Australia,Espresso,Coffee,Espresso,single,1,3.5,3.5,Tom Green,Silver
10456,2024-05-30,09:15,ST003,Fitzroy,Melbourne,VIC,Australia,Latte,Coffee,Milk Coffee,regular,1,4.8,4.8,,
10457,2024-05-30,19:30,ST012,Norwood,Adelaide,SA,Australia,Latte,Coffee,Milk Coffee,regular,1,4.8,4.8,,
10458,2024-05-31,20:00,ST009,Fortitude Valley,Brisbane,QLD,Australia,Flat White,Coffee,Milk Coffee,regular,1,4.8,4.8,Ben Hall,Silver
10458,2024-05-31,20:00,ST009,Fortitude Valley,Brisbane,QLD,Australia,Green Tea,Tea,Green Tea,regular,1,4.0,4.0,Ben Hall,Silver
10459,2024-05-31,18:00,ST011,Glenelg,Adelaide,SA,Australia,Cappuccino,Coffee,Milk Coffee,regular,1,4.8,4.8,,
10459,2024-05-31,18:00,ST011,Glenelg,Adelaide,SA,Australia,Flat White Large,Coffee,Milk Coffee,large,1,5.5,5.5,,
10460,2024-05-31,08:30,ST011,Glenelg,Adelaide,SA,Australia,Veggie Wrap,Sandwich,Cold,regular,1,8.0,8.0,,
10461,2024-06-01,20:15,ST003,Fitzroy,Melbourne,VIC,Australia,Flat White Large,Coffee,Milk Coffee,large,2,5.5,11.0,,
10461,2024-06-01,20:15,ST003,Fitzroy,Melbourne,VIC,Australia,Double Espresso,Coffee,Espresso,double,2,4.5,9.0,,
10461,2024-06-01,20:15,ST003,Fitzroy,Melbourne,VIC,Australia,Espresso,Coffee,Espresso,single,1,3.5,3.5,,
10462,2024-06-01,13:30,ST010,Adelaide Central,Adelaide,SA,Australia,Cold Brew,Coffee,Cold Coffee,large,1,5.8,5.8,,
10463,2024-06-01,08:30,ST009,Fortitude Valley,Brisbane,QLD,Australia,English Breakfast,Tea,Black Tea,regular,2,4.0,8.0,Grace Lewis,Gold
10463,2024-06-01,08:30,ST009,Fortitude Valley,Brisbane,QLD,Australia,Espresso,Coffee,Espresso,single,2,3.5,7.0,Grace Lewis,Gold
10464,2024-06-01,09:30,ST002,Southbank,Melbourne,VIC,Australia,Cappuccino,Coffee,Milk Coffee,regular,1,4.8,4.8,Max Young,Bronze
10465,2024-06-01,18:15,ST003,Fitzroy,Melbourne,VIC,Australia,Egg & Bacon Roll,Sandwich,Hot,regular,1,7.5,7.5,Ethan White,Silver
10466,2024-06-02,07:00,ST004,George St,Sydney,NSW,Australia,Long Black,Coffee,Black Coffee,regular,1,4.2,4.2,Mia Moore,Bronze
10467,2024-06-02,08:45,ST001,CBD Flagship,Melbourne,VIC,Australia,Espresso,Coffee,Espresso,single,1,3.5,3.5,Harper Thompson,Bronze
10467,2024-06-02,08:45,ST001,CBD Flagship,Melbourne,VIC,Australia,Long Black,Coffee,Black Coffee,regular,1,4.2,4.2,Harper Thompson,Bronze
10467,2024-06-02,08:45,ST001,CBD Flagship,Melbourne,VIC,Australia,Flat White Large,Coffee,Milk Coffee,large,1,5.5,5.5,Harper Thompson,Bronze
10468,2024-06-02,10:45,ST010,Adelaide Central,Adelaide,SA,Australia,Flat White Large,Coffee,Milk Coffee,large,1,5.5,5.5,Ava Jones,Silver
10469,2024-06-02,20:30,ST008,West End,Brisbane,QLD,Australia,Latte,Coffee,Milk Coffee,regular,1,4.8,4.8,Jack Martin,Silver
10469,2024-06-02,20:30,ST008,West End,Brisbane,QLD,Australia,Ham & Cheese Toastie,Sandwich,Hot,regular,2,8.5,17.0,Jack Martin,Silver
10470,2024-06-03,07:15,ST011,Glenelg,Adelaide,SA,Australia,Flat White,Coffee,Milk Coffee,regular,1,4.8,4.8,Olivia Williams,Bronze
10471,2024-06-03,15:15,ST010,Adelaide Central,Adelaide,SA,Australia,Espresso,Coffee,Espresso,single,1,3.5,3.5,,
10472,2024-06-03,09:45,ST006,Bondi,Sydney,NSW,Australia,Latte Large,Coffee,Milk Coffee,large,1,5.5,5.5,Chloe Walker,Bronze
10472,2024-06-03,09:45,ST006,Bondi,Sydney,NSW,Australia,Banana Bread,Pastry,Bread,slice,2,5.0,10.0,Chloe Walker,Bronze
10472,2024-06-03,09:45,ST006,Bondi,Sydney,NSW,Australia,Matcha Latte,Tea,Specialty Tea,regular,1,5.8,5.8,Chloe Walker,Bronze
10473,2024-06-03,16:00,ST010,Adelaide Central,Adelaide,SA,Australia,Cold Brew,Coffee,Cold Coffee,large,1,5.8,5.8,,
10474,2024-06-04,12:00,ST007,Queen St Mall,Brisbane,QLD,Australia,Chai Latte,Tea,Specialty Tea,regular,2,5.2,10.4,Olivia Williams,Bronze
10474,2024-06-04,12:00,ST007,Queen St Mall,Brisbane,QLD,Australia,Banana Bread,Pastry,Bread,slice,1,5.0,5.0,Olivia Williams,Bronze
10475,2024-06-04,06:45,ST001,CBD Flagship,Melbourne,VIC,Australia,Long Black,Coffee,Black Coffee,regular,1,4.2,4.2,,
10476,2024-06-05,08:00,ST006,Bondi,Sydney,NSW,Australia,Latte,Coffee,Milk Coffee,regular,1,4.8,4.8,Olivia Williams,Bronze
10477,2024-06-05,13:30,ST011,Glenelg,Adelaide,SA,Australia,Croissant,Pastry,Baked,regular,1,4.5,4.5,,
10478,2024-06-06,15:00,ST002,Southbank,Melbourne,VIC,Australia,Cold Brew,Coffee,Cold Coffee,large,1,5.8,5.8,,
10479,2024-06-06,08:00,ST010,Adelaide Central,Adelaide,SA,Australia,Banana Bread,Pastry,Bread,slice,1,5.0,5.0,Sophia Miller,Gold
10479,2024-06-06,08:00,ST010,Adelaide Central,Adelaide,SA,Australia,Iced Latte,Coffee,Cold Coffee,large,1,6.0,6.0,Sophia Miller,Gold
10479,2024-06-06,08:00,ST010,Adelaide Central,Adelaide,SA,Australia,Latte,Coffee,Milk Coffee,regular,1,4.8,4.8,Sophia Miller,Gold
10480,2024-06-06,07:15,ST008,West End,Brisbane,QLD,Australia,Iced Latte,Coffee,Cold Coffee,large,1,6.0,6.0,,
10481,2024-06-07,14:30,ST007,Queen St Mall,Brisbane,QLD,Australia,Double Espresso,Coffee,Espresso,double,1,4.5,4.5,,
10482,2024-06-07,17:15,ST005,Surry Hills,Sydney,NSW,Australia,Chicken Pesto Panini,Sandwich,Hot,regular,1,9.5,9.5,Olivia Williams,Bronze
10483,2024-06-07,15:00,ST004,George St,Sydney,NSW,Australia,Green Tea,Tea,Green Tea,regular,1,4.0,4.0,Sam Wright,Gold
10484,2024-06-08,13:30,ST004,George St,Sydney,NSW,Australia,Latte,Coffee,Milk Coffee,regular,1,4.8,4.8,Ella Robinson,Silver
10485,2024-06-08,14:00,ST002,Southbank,Melbourne,VIC,Australia,Double Espresso,Coffee,Espresso,double,1,4.5,4.5,,
10486,2024-06-09,14:15,ST008,West End,Brisbane,QLD,Australia,Banana Bread,Pastry,Bread,slice,1,5.0,5.0,,
10487,2024-06-09,12:00,ST004,George St,Sydney,NSW,Australia,Chocolate Cookie,Pastry,Cookie,regular,1,3.5,3.5,,
10487,2024-06-09,12:00,ST004,George St,Sydney,NSW,Australia,Flat White Large,Coffee,Milk Coffee,large,1,5.5,5.5,,
10488,2024-06-09,14:00,ST001,CBD Flagship,Melbourne,VIC,Australia,Flat White,Coffee,Milk Coffee,regular,1,4.8,4.8,,
10489,2024-06-09,16:15,ST005,Surry Hills,Sydney,NSW,Australia,Latte,Coffee,Milk Coffee,regular,2,4.8,9.6,,
10489,2024-06-09,16:15,ST005,Surry Hills,Sydney,NSW,Australia,Latte Large,Coffee,Milk Coffee,large,1,5.5,5.5,,
10490,2024-06-10,14:30,ST011,Glenelg,Adelaide,SA,Australia,Double Espresso,Coffee,Espresso,double,1,4.5,4.5,,
10491,2024-06-10,13:15,ST010,Adelaide Central,Adelaide,SA,Australia,Flat White Large,Coffee,Milk Coffee,large,1,5.5,5.5,,
10492,2024-06-10,08:30,ST001,CBD Flagship,Melbourne,VIC,Australia,Chocolate Cookie,Pastry,Cookie,regular,1,3.5,3.5,,
10493,2024-06-11,08:45,ST001,CBD Flagship,Melbourne,VIC,Australia,Cold Brew,Coffee,Cold Coffee,large,2,5.8,11.6,,
10494,2024-06-11,08:00,ST007,Queen St Mall,Brisbane,QLD,Australia,Flat White,Coffee,Milk Coffee,regular,1,4.8,4.8,,
10494,2024-06-11,08:00,ST007,Queen St Mall,Brisbane,QLD,Australia,Chocolate Cookie,Pastry,Cookie,regular,1,3.5,3.5,,
10495,2024-06-11,08:30,ST005,Surry Hills,Sydney,NSW,Australia,Long Black,Coffee,Black Coffee,regular,1,4.2,4.2,,
10495,2024-06-11,08:30,ST005,Surry Hills,Sydney,NSW,Australia,English Breakfast,Tea,Black Tea,regular,1,4.0,4.0,,
10496,2024-06-12,12:00,ST002,Southbank,Melbourne,VIC,Australia,Ham & Cheese Toastie,Sandwich,Hot,regular,1,8.5,8.5,Sam Wright,Gold
10497,2024-06-12,12:00,ST007,Queen St Mall,Brisbane,QLD,Australia,Iced Latte,Coffee,Cold Coffee,large,1,6.0,6.0,,
10498,2024-06-13,13:45,ST006,Bondi,Sydney,NSW,Australia,Chai Latte,Tea,Specialty Tea,regular,1,5.2,5.2,,
10499,2024-06-13,08:45,ST011,Glenelg,Adelaide,SA,Australia,Smoked Salmon Bagel,Sandwich,Cold,regular,2,10.0,20.0,,
10500,2024-06-13,08:00,ST010,Adelaide Central,Adelaide,SA,Australia,Latte,Coffee,Milk Coffee,regular,1,4.8,4.8,,
10500,2024-06-13,08:00,ST010,Adelaide Central,Adelaide,SA,Australia,Latte Large,Coffee,Milk Coffee,large,1,5.5,5.5,,
10501,2024-06-13,06:00,ST001,CBD Flagship,Melbourne,VIC,Australia,Iced Latte,Coffee,Cold Coffee,large,1,6.0,6.0,,
10501,2024-06-13,06:00,ST001,CBD Flagship,Melbourne,VIC,Australia,Flat White,Coffee,Milk Coffee,regular,1,4.8,4.8,,
10502,2024-06-14,17:45,ST004,George St,Sydney,NSW,Australia,Cold Brew,Coffee,Cold Coffee,large,2,5.8,11.6,,
10502,2024-06-14,17:45,ST004,George St,Sydney,NSW,Australia,Earl Grey,Tea,Black Tea,regular,1,4.0,4.0,,
10503,2024-06-14,14:30,ST006,Bondi,Sydney,NSW,Australia,Latte Large,Coffee,Milk Coffee,large,1,5.5,5.5,,
10504,2024-06-15,08:45,ST002,Southbank,Melbourne,VIC,Australia,Latte Large,Coffee,Milk Coffee,large,1,5.5,5.5,,
10505,2024-06-15,17:45,ST002,Southbank,Melbourne,VIC,Australia,Cold Brew,Coffee,Cold Coffee,large,1,5.8,5.8,Leo Lee,Silver
10505,2024-06-15,17:45,ST002,Southbank,Melbourne,VIC,Australia,Matcha Latte,Tea,Specialty Tea,regular,1,5.8,5.8,Leo Lee,Silver
10505,2024-06-15,17:45,ST002,Southbank,Melbourne,VIC,Australia,Earl Grey,Tea,Black Tea,regular,1,4.0,4.0,Leo Lee,Silver
10506,2024-06-15,12:15,ST008,West End,Brisbane,QLD,Australia,Earl Grey,Tea,Black Tea,regular,1,4.0,4.0,,
10507,2024-06-15,08:30,ST006,Bondi,Sydney,NSW,Australia,Long Black,Coffee,Black Coffee,regular,1,4.2,4.2,,
10508,2024-06-15,08:15,ST008,West End,Brisbane,QLD,Australia,Almond Croissant,Pastry,Baked,regular,2,5.5,11.0,,
10509,2024-06-16,19:15,ST002,Southbank,Melbourne,VIC,Australia,Espresso,Coffee,Espresso,single,1,3.5,3.5,,
10509,2024-06-16,19:15,ST002,Southbank,Melbourne,VIC,Australia,Cold Brew,Coffee,Cold Coffee,large,1,5.8,5.8,,
10510,2024-06-16,13:45,ST010,Adelaide Central,Adelaide,SA,Australia,Long Black,Coffee,Black Coffee,regular,1,4.2,4.2,Lucas Thomas,Bronze
10511,2024-06-17,13:15,ST005,Surry Hills,Sydney,NSW,Australia,Croissant,Pastry,Baked,regular,1,4.5,4.5,Ava Jones,Silver
10512,2024-06-17,10:30,ST002,Southbank,Melbourne,VIC,Australia,Blueberry Muffin,Pastry,Muffin,regular,2,4.8,9.6,,
10513,2024-06-18,07:30,ST003,Fitzroy,Melbourne,VIC,Australia,Smoked Salmon Bagel,Sandwich,Cold,regular,1,10.0,10.0,Oliver Wilson,Silver
10513,2024-06-18,07:30,ST003,Fitzroy,Melbourne,VIC,Australia,Banana Bread,Pastry,Bread,slice,1,5.0,5.0,Oliver Wilson,Silver
10514,2024-06-18,12:15,ST008,West End,Brisbane,QLD,Australia,Latte,Coffee,Milk Coffee,regular,1,4.8,4.8,,
10515,2024-06-18,07:30,ST002,Southbank,Melbourne,VIC,Australia,Flat White,Coffee,Milk Coffee,regular,1,4.8,4.8,Liam Johnson,Silver
10515,2024-06-18,07:30,ST002,Southbank,Melbourne,VIC,Australia,Croissant,Pastry,Baked,regular,1,4.5,4.5,Liam Johnson,Silver
10516,2024-06-18,07:30,ST005,Surry Hills,Sydney,NSW,Australia,Sparkling Water,Beverage,Water,bottle,1,3.5,3.5,Amelia Harris,Bronze
10517,2024-06-19,06:30,ST004,George St,Sydney,NSW,Australia,Flat White Large,Coffee,Milk Coffee,large,1,5.5,5.5,,
10517,2024-06-19,06:30,ST004,George St,Sydney,NSW,Australia,Cappuccino,Coffee,Milk Coffee,regular,1,4.8,4.8,,
10518,2024-06-19,08:15,ST006,Bondi,Sydney,NSW,Australia,Espresso,Coffee,Espresso,single,1,3.5,3.5,Jack Martin,Silver
10519,2024-06-20,08:45,ST004,George St,Sydney,NSW,Australia,Egg & Bacon Roll,Sandwich,Hot,regular,1,7.5,7.5,,
10520,2024-06-20,19:45,ST004,George St,Sydney,NSW,Australia,Double Espresso,Coffee,Espresso,double,1,4.5,4.5,,
10521,2024-06-20,07:30,ST004,George St,Sydney,NSW,Australia,Long Black,Coffee,Black Coffee,regular,1,4.2,4.2,Ruby Scott,Bronze
10522,2024-06-21,15:15,ST009,Fortitude Valley,Brisbane,QLD,Australia,Chocolate Cookie,Pastry,Cookie,regular,1,3.5,3.5,Leo Lee,Silver
10523,2024-06-21,07:45,ST005,Surry Hills,Sydney,NSW,Australia,Chai Latte,Tea,Specialty Tea,regular,1,5.2,5.2,,
10524,2024-06-21,15:30,ST002,Southbank,Melbourne,VIC,Australia,Latte Large,Coffee,Milk Coffee,large,1,5.5,5.5,Harper Thompson,Bronze
10524,2024-06-21,15:30,ST002,Southbank,Melbourne,VIC,Australia,English Breakfast,Tea,Black Tea,regular,2,4.0,8.0,Harper Thompson,Bronze
10525,2024-06-22,12:00,ST010,Adelaide Central,Adelaide,SA,Australia,Flat White,Coffee,Milk Coffee,regular,1,4.8,4.8,Noah Brown,Gold
10526,2024-06-22,08:45,ST004,George St,Sydney,NSW,Australia,Veggie Wrap,Sandwich,Cold,regular,1,8.0,8.0,Ethan White,Silver
10527,2024-06-23,08:00,ST005,Surry Hills,Sydney,NSW,Australia,Latte,Coffee,Milk Coffee,regular,1,4.8,4.8,,
10527,2024-06-23,08:00,ST005,Surry Hills,Sydney,NSW,Australia,Espresso,Coffee,Espresso,single,1,3.5,3.5,,
10528,2024-06-23,17:15,ST008,West End,Brisbane,QLD,Australia,Latte Large,Coffee,Milk Coffee,large,1,5.5,5.5,Jack Martin,Silver
10529,2024-06-23,10:45,ST001,CBD Flagship,Melbourne,VIC,Australia,Flat White,Coffee,Milk Coffee,regular,1,4.8,4.8,Liam Johnson,Silver
10529,2024-06-23,10:45,ST001,CBD Flagship,Melbourne,VIC,Australia,Espresso,Coffee,Espresso,single,2,3.5,7.0,Liam Johnson,Silver
10530,2024-06-24,18:30,ST007,Queen St Mall,Brisbane,QLD,Australia,Cold Brew,Coffee,Cold Coffee,large,1,5.8,5.8,,
10531,2024-06-24,07:45,ST010,Adelaide Central,Adelaide,SA,Australia,Long Black,Coffee,Black Coffee,regular,1,4.2,4.2,Tom Green,Silver
10531,2024-06-24,07:45,ST010,Adelaide Central,Adelaide,SA,Australia,Latte,Coffee,Milk Coffee,regular,1,4.8,4.8,Tom Green,Silver
10532,2024-06-24,14:45,ST001,CBD Flagship,Melbourne,VIC,Australia,Chai Latte,Tea,Specialty Tea,regular,1,5.2,5.2,,
10533,2024-06-24,07:30,ST008,West End,Brisbane,QLD,Australia,Chicken Pesto Panini,Sandwich,Hot,regular,1,9.5,9.5,Jack Martin,Silver
10533,2024-06-24,07:30,ST008,West End,Brisbane,QLD,Australia,Cold Brew,Coffee,Cold Coffee,large,1,5.8,5.8,Jack Martin,Silver
10534,2024-06-25,13:15,ST007,Queen St Mall,Brisbane,QLD,Australia,Flat White,Coffee,Milk Coffee,regular,1,4.8,4.8,Sam Wright,Gold
10535,2024-06-25,11:30,ST010,Adelaide Central,Adelaide,SA,Australia,Hot Chocolate,Beverage,Chocolate,regular,1,5.0,5.0,Lily King,Silver
10535,2024-06-25,11:30,ST010,Adelaide Central,Adelaide,SA,Australia,Veggie Wrap,Sandwich,Cold,regular,1,8.0,8.0,Lily King,Silver
10536,2024-06-25,12:00,ST009,Fortitude Valley,Brisbane,QLD,Australia,Flat White Large,Coffee,Milk Coffee,large,1,5.5,5.5,,
10537,2024-06-25,07:15,ST008,West End,Brisbane,QLD,Australia,Blueberry Muffin,Pastry,Muffin,regular,1,4.8,4.8,,
10537,2024-06-25,07:15,ST008,West End,Brisbane,QLD,Australia,Flat White Large,Coffee,Milk Coffee,large,1,5.5,5.5,,
10538,2024-06-26,08:00,ST004,George St,Sydney,NSW,Australia,Cappuccino,Coffee,Milk Coffee,regular,1,4.8,4.8,Sam Wright,Gold
10539,2024-06-26,19:45,ST007,Queen St Mall,Brisbane,QLD,Australia,Almond Croissant,Pastry,Baked,regular,1,5.5,5.5,Lily King,Silver
10540,2024-06-26,13:00,ST005,Surry Hills,Sydney,NSW,Australia,Latte Large,Coffee,Milk Coffee,large,1,5.5,5.5,,
10541,2024-06-26,13:45,ST004,George St,Sydney,NSW,Australia,Smoked Salmon Bagel,Sandwich,Cold,regular,1,10.0,10.0,Tom Green,Silver
10541,2024-06-26,13:45,ST004,George St,Sydney,NSW,Australia,Iced Latte,Coffee,Cold Coffee,large,1,6.0,6.0,Tom Green,Silver
10541,2024-06-26,13:45,ST004,George St,Sydney,NSW,Australia,Chocolate Cookie,Pastry,Cookie,regular,2,3.5,7.0,Tom Green,Silver
10542,2024-06-27,07:15,ST008,West End,Brisbane,QLD,Australia,Espresso,Coffee,Espresso,single,1,3.5,3.5,,
10543,2024-06-27,08:00,ST003,Fitzroy,Melbourne,VIC,Australia,Long Black,Coffee,Black Coffee,regular,1,4.2,4.2,,
10543,2024-06-27,08:00,ST003,Fitzroy,Melbourne,VIC,Australia,Flat White Large,Coffee,Milk Coffee,large,1,5.5,5.5,,
10544,2024-06-28,12:45,ST007,Queen St Mall,Brisbane,QLD,Australia,Latte Large,Coffee,Milk Coffee,large,1,5.5,5.5,Ben Hall,Silver
10545,2024-06-28,17:30,ST003,Fitzroy,Melbourne,VIC,Australia,Hot Chocolate,Beverage,Chocolate,regular,1,5.0,5.0,,
10546,2024-06-29,18:30,ST004,George St,Sydney,NSW,Australia,Chicken Pesto Panini,Sandwich,Hot,regular,1,9.5,9.5,Ben Hall,Silver
10547,2024-06-29,07:15,ST010,Adelaide Central,Adelaide,SA,Australia,Flat White Large,Coffee,Milk Coffee,large,1,5.5,5.5,Isabella Anderson,Silver
10547,2024-06-29,07:15,ST010,Adelaide Central,Adelaide,SA,Australia,Espresso,Coffee,Espresso,single,1,3.5,3.5,Isabella Anderson,Silver
10548,2024-06-30,08:15,ST004,George St,Sydney,NSW,Australia,Flat White,Coffee,Milk Coffee,regular,1,4.8,4.8,Ethan White,Silver
10548,2024-06-30,08:15,ST004,George St,Sydney,NSW,Australia,Double Espresso,Coffee,Espresso,double,1,4.5,4.5,Ethan White,Silver
10549,2024-06-30,07:00,ST002,Southbank,Melbourne,VIC,Australia,Cold Brew,Coffee,Cold Coffee,large,1,5.8,5.8,Max Young,Bronze
10549,2024-06-30,07:00,ST002,Southbank,Melbourne,VIC,Australia,Iced Latte,Coffee,Cold Coffee,large,1,6.0,6.0,Max Young,Bronze
10549,2024-06-30,07:00,ST002,Southbank,Melbourne,VIC,Australia,Double Espresso,Coffee,Espresso,double,1,4.5,4.5,Max Young,Bronze
10550,2024-07-01,15:15,ST007,Queen St Mall,Brisbane,QLD,Australia,Espresso,Coffee,Espresso,single,1,3.5,3.5,,
10551,2024-07-01,08:15,ST006,Bondi,Sydney,NSW,Australia,Iced Latte,Coffee,Cold Coffee,large,1,6.0,6.0,,
10551,2024-07-01,08:15,ST006,Bondi,Sydney,NSW,Australia,Cold Brew,Coffee,Cold Coffee,large,1,5.8,5.8,,
10552,2024-07-01,12:00,ST006,Bondi,Sydney,NSW,Australia,English Breakfast,Tea,Black Tea,regular,1,4.0,4.0,,
10552,2024-07-01,12:00,ST006,Bondi,Sydney,NSW,Australia,Latte Large,Coffee,Milk Coffee,large,1,5.5,5.5,,
10552,2024-07-01,12:00,ST006,Bondi,Sydney,NSW,Australia,Flat White Large,Coffee,Milk Coffee,large,1,5.5,5.5,,
10553,2024-07-01,14:45,ST011,Glenelg,Adelaide,SA,Australia,Cold Brew,Coffee,Cold Coffee,large,2,5.8,11.6,,
10554,2024-07-02,06:00,ST001,CBD Flagship,Melbourne,VIC,Australia,Long Black,Coffee,Black Coffee,regular,1,4.2,4.2,Zoe Allen,Gold
10554,2024-07-02,06:00,ST001,CBD Flagship,Melbourne,VIC,Australia,Cappuccino,Coffee,Milk Coffee,regular,2,4.8,9.6,Zoe Allen,Gold
10555,2024-07-02,08:45,ST003,Fitzroy,Melbourne,VIC,Australia,Egg & Bacon Roll,Sandwich,Hot,regular,1,7.5,7.5,,
10556,2024-07-02,20:30,ST012,Norwood,Adelaide,SA,Australia,Almond Croissant,Pastry,Baked,regular,1,5.5,5.5,,
10556,2024-07-02,20:30,ST012,Norwood,Adelaide,SA,Australia,Latte Large,Coffee,Milk Coffee,large,1,5.5,5.5,,
10557,2024-07-02,15:00,ST011,Glenelg,Adelaide,SA,Australia,Iced Latte,Coffee,Cold Coffee,large,2,6.0,12.0,,
10557,2024-07-02,15:00,ST011,Glenelg,Adelaide,SA,Australia,Flat White,Coffee,Milk Coffee,regular,1,4.8,4.8,,
10557,2024-07-02,15:00,ST011,Glenelg,Adelaide,SA,Australia,Long Black,Coffee,Black Coffee,regular,1,4.2,4.2,,
10558,2024-07-03,07:45,ST011,Glenelg,Adelaide,SA,Australia,Cold Brew,Coffee,Cold Coffee,large,1,5.8,5.8,,
10559,2024-07-03,19:30,ST002,Southbank,Melbourne,VIC,Australia,Banana Bread,Pastry,Bread,slice,1,5.0,5.0,James Davis,Bronze
10559,2024-07-03,19:30,ST002,Southbank,Melbourne,VIC,Australia,Espresso,Coffee,Espresso,single,1,3.5,3.5,James Davis,Bronze
10560,2024-07-03,08:45,ST007,Queen St Mall,Brisbane,QLD,Australia,Egg & Bacon Roll,Sandwich,Hot,regular,1,7.5,7.5,,
10561,2024-07-04,11:00,ST007,Queen St Mall,Brisbane,QLD,Australia,Flat White Large,Coffee,Milk Coffee,large,1,5.5,5.5,Amelia Harris,Bronze
10562,2024-07-04,09:45,ST010,Adelaide Central,Adelaide,SA,Australia,Espresso,Coffee,Espresso,single,1,3.5,3.5,Harper Thompson,Bronze
10563,2024-07-04,16:15,ST007,Queen St Mall,Brisbane,QLD,Australia,Blueberry Muffin,Pastry,Muffin,regular,1,4.8,4.8,,
10564,2024-07-05,08:15,ST008,West End,Brisbane,QLD,Australia,Latte Large,Coffee,Milk Coffee,large,2,5.5,11.0,William Taylor,Gold
10565,2024-07-05,08:45,ST010,Adelaide Central,Adelaide,SA,Australia,Double Espresso,Coffee,Espresso,double,1,4.5,4.5,Ethan White,Silver
10566,2024-07-05,13:45,ST005,Surry Hills,Sydney,NSW,Australia,Double Espresso,Coffee,Espresso,double,2,4.5,9.0,,
10567,2024-07-06,19:15,ST005,Surry Hills,Sydney,NSW,Australia,Long Black,Coffee,Black Coffee,regular,1,4.2,4.2,,
10567,2024-07-06,19:15,ST005,Surry Hills,Sydney,NSW,Australia,Cold Brew,Coffee,Cold Coffee,large,1,5.8,5.8,,
10568,2024-07-06,16:15,ST003,Fitzroy,Melbourne,VIC,Australia,Latte,Coffee,Milk Coffee,regular,1,4.8,4.8,,
10569,2024-07-06,07:30,ST003,Fitzroy,Melbourne,VIC,Australia,Chocolate Cookie,Pastry,Cookie,regular,2,3.5,7.0,Lily King,Silver
10569,2024-07-06,07:30,ST003,Fitzroy,Melbourne,VIC,Australia,Blueberry Muffin,Pastry,Muffin,regular,1,4.8,4.8,Lily King,Silver
10570,2024-07-07,10:45,ST006,Bondi,Sydney,NSW,Australia,English Breakfast,Tea,Black Tea,regular,1,4.0,4.0,,
10571,2024-07-07,07:45,ST006,Bondi,Sydney,NSW,Australia,Latte,Coffee,Milk Coffee,regular,2,4.8,9.6,,
10571,2024-07-07,07:45,ST006,Bondi,Sydney,NSW,Australia,Earl Grey,Tea,Black Tea,regular,1,4.0,4.0,,
10571,2024-07-07,07:45,ST006,Bondi,Sydney,NSW,Australia,Cappuccino,Coffee,Milk Coffee,regular,2,4.8,9.6,,
10572,2024-07-07,07:15,ST012,Norwood,Adelaide,SA,Australia,Flat White,Coffee,Milk Coffee,regular,2,4.8,9.6,Sophia Miller,Gold
10573,2024-07-08,08:45,ST006,Bondi,Sydney,NSW,Australia,Long Black,Coffee,Black Coffee,regular,1,4.2,4.2,,
10573,2024-07-08,08:45,ST006,Bondi,Sydney,NSW,Australia,Chocolate Cookie,Pastry,Cookie,regular,1,3.5,3.5,,
10574,2024-07-08,08:00,ST008,West End,Brisbane,QLD,Australia,Iced Latte,Coffee,Cold Coffee,large,1,6.0,6.0,,
10574,2024-07-08,08:00,ST008,West End,Brisbane,QLD,Australia,Flat White Large,Coffee,Milk Coffee,large,1,5.5,5.5,,
10575,2024-07-08,07:45,ST005,Surry Hills,Sydney,NSW,Australia,Flat White Large,Coffee,Milk Coffee,large,1,5.5,5.5,,
10576,2024-07-08,09:15,ST011,Glenelg,Adelaide,SA,Australia,Matcha Latte,Tea,Specialty Tea,regular,2,5.8,11.6,,
10576,2024-07-08,09:15,ST011,Glenelg,Adelaide,SA,Australia,Double Espresso,Coffee,Espresso,double,1,4.5,4.5,,
10577,2024-07-09,19:30,ST009,Fortitude Valley,Brisbane,QLD,Australia,Long Black,Coffee,Black Coffee,regular,1,4.2,4.2,Emma Smith,Gold
10577,2024-07-09,19:30,ST009,Fortitude Valley,Brisbane,QLD,Australia,Espresso,Coffee,Espresso,single,1,3.5,3.5,Emma Smith,Gold
10578,2024-07-09,12:45,ST012,Norwood,Adelaide,SA,Australia,Latte,Coffee,Milk Coffee,regular,1,4.8,4.8,James Davis,Bronze
10578,2024-07-09,12:45,ST012,Norwood,Adelaide,SA,Australia,Iced Latte,Coffee,Cold Coffee,large,1,6.0,6.0,James Davis,Bronze
10578,2024-07-09,12:45,ST012,Norwood,Adelaide,SA,Australia,Cappuccino,Coffee,Milk Coffee,regular,1,4.8,4.8,James Davis,Bronze
10579,2024-07-10,09:00,ST007,Queen St Mall,Brisbane,QLD,Australia,Cappuccino,Coffee,Milk Coffee,regular,1,4.8,4.8,Ella Robinson,Silver
10579,2024-07-10,09:00,ST007,Queen St Mall,Brisbane,QLD,Australia,Cold Brew,Coffee,Cold Coffee,large,1,5.8,5.8,Ella Robinson,Silver
10579,2024-07-10,09:00,ST007,Queen St Mall,Brisbane,QLD,Australia,Latte,Coffee,Milk Coffee,regular,2,4.8,9.6,Ella Robinson,Silver
10580,2024-07-10,09:15,ST008,West End,Brisbane,QLD,Australia,Iced Latte,Coffee,Cold Coffee,large,1,6.0,6.0,,
10580,2024-07-10,09:15,ST008,West End,Brisbane,QLD,Australia,Hot Chocolate,Beverage,Chocolate,regular,1,5.0,5.0,,
10580,2024-07-10,09:15,ST008,West End,Brisbane,QLD,Australia,Flat White,Coffee,Milk Coffee,regular,1,4.8,4.8,,
10581,2024-07-10,07:15,ST011,Glenelg,Adelaide,SA,Australia,Flat White Large,Coffee,Milk Coffee,large,1,5.5,5.5,,
10581,2024-07-10,07:15,ST011,Glenelg,Adelaide,SA,Australia,Double Espresso,Coffee,Espresso,double,2,4.5,9.0,,
10581,2024-07-10,07:15,ST011,Glenelg,Adelaide,SA,Australia,Almond Croissant,Pastry,Baked,regular,1,5.5,5.5,,
10582,2024-07-10,07:45,ST001,CBD Flagship,Melbourne,VIC,Australia,Iced Latte,Coffee,Cold Coffee,large,1,6.0,6.0,,
10582,2024-07-10,07:45,ST001,CBD Flagship,Melbourne,VIC,Australia,Cappuccino,Coffee,Milk Coffee,regular,1,4.8,4.8,,
10583,2024-07-11,11:00,ST003,Fitzroy,Melbourne,VIC,Australia,Cappuccino,Coffee,Milk Coffee,regular,1,4.8,4.8,,
10584,2024-07-11,08:30,ST007,Queen St Mall,Brisbane,QLD,Australia,Cold Brew,Coffee,Cold Coffee,large,1,5.8,5.8,,
10585,2024-07-11,19:15,ST004,George St,Sydney,NSW,Australia,Croissant,Pastry,Baked,regular,1,4.5,4.5,Isabella Anderson,Silver
10585,2024-07-11,19:15,ST004,George St,Sydney,NSW,Australia,Long Black,Coffee,Black Coffee,regular,1,4.2,4.2,Isabella Anderson,Silver
10586,2024-07-12,13:00,ST002,Southbank,Melbourne,VIC,Australia,Double Espresso,Coffee,Espresso,double,1,4.5,4.5,,
10587,2024-07-12,09:30,ST007,Queen St Mall,Brisbane,QLD,Australia,Flat White,Coffee,Milk Coffee,regular,1,4.8,4.8,,
10588,2024-07-13,19:45,ST001,CBD Flagship,Melbourne,VIC,Australia,Iced Latte,Coffee,Cold Coffee,large,1,6.0,6.0,Oliver Wilson,Silver
10588,2024-07-13,19:45,ST001,CBD Flagship,Melbourne,VIC,Australia,Cappuccino,Coffee,Milk Coffee,regular,1,4.8,4.8,Oliver Wilson,Silver
10588,2024-07-13,19:45,ST001,CBD Flagship,Melbourne,VIC,Australia,Flat White,Coffee,Milk Coffee,regular,1,4.8,4.8,Oliver Wilson,Silver
10589,2024-07-13,10:15,ST010,Adelaide Central,Adelaide,SA,Australia,English Breakfast,Tea,Black Tea,regular,1,4.0,4.0,,
10589,2024-07-13,10:15,ST010,Adelaide Central,Adelaide,SA,Australia,Latte Large,Coffee,Milk Coffee,large,1,5.5,5.5,,
10590,2024-07-13,13:45,ST009,Fortitude Valley,Brisbane,QLD,Australia,Cold Brew,Coffee,Cold Coffee,large,1,5.8,5.8,,
10591,2024-07-13,07:15,ST012,Norwood,Adelaide,SA,Australia,Long Black,Coffee,Black Coffee,regular,1,4.2,4.2,,
10592,2024-07-14,09:00,ST011,Glenelg,Adelaide,SA,Australia,Long Black,Coffee,Black Coffee,regular,1,4.2,4.2,Zoe Allen,Gold
10593,2024-07-14,09:15,ST012,Norwood,Adelaide,SA,Australia,Iced Latte,Coffee,Cold Coffee,large,1,6.0,6.0,,
10593,2024-07-14,09:15,ST012,Norwood,Adelaide,SA,Australia,Chai Latte,Tea,Specialty Tea,regular,1,5.2,5.2,,
10594,2024-07-14,19:15,ST007,Queen St Mall,Brisbane,QLD,Australia,Latte Large,Coffee,Milk Coffee,large,1,5.5,5.5,Sam Wright,Gold
10595,2024-07-15,19:45,ST009,Fortitude Valley,Brisbane,QLD,Australia,Double Espresso,Coffee,Espresso,double,1,4.5,4.5,,
10595,2024-07-15,19:45,ST009,Fortitude Valley,Brisbane,QLD,Australia,Long Black,Coffee,Black Coffee,regular,1,4.2,4.2,,
10596,2024-07-15,07:30,ST001,CBD Flagship,Melbourne,VIC,Australia,Banana Bread,Pastry,Bread,slice,1,5.0,5.0,Oliver Wilson,Silver
10597,2024-07-15,13:00,ST002,Southbank,Melbourne,VIC,Australia,Chai Latte,Tea,Specialty Tea,regular,1,5.2,5.2,,
10597,2024-07-15,13:00,ST002,Southbank,Melbourne,VIC,Australia,Banana Bread,Pastry,Bread,slice,1,5.0,5.0,,
10597,2024-07-15,13:00,ST002,Southbank,Melbourne,VIC,Australia,Latte,Coffee,Milk Coffee,regular,2,4.8,9.6,,
10598,2024-07-16,09:00,ST011,Glenelg,Adelaide,SA,Australia,Latte Large,Coffee,Milk Coffee,large,1,5.5,5.5,,
10599,2024-07-16,14:15,ST009,Fortitude Valley,Brisbane,QLD,Australia,Double Espresso,Coffee,Espresso,double,1,4.5,4.5,,
10600,2024-07-16,09:00,ST008,West End,Brisbane,QLD,Australia,Chicken Pesto Panini,Sandwich,Hot,regular,1,9.5,9.5,,
10601,2024-07-17,16:45,ST005,Surry Hills,Sydney,NSW,Australia,Latte,Coffee,Milk Coffee,regular,1,4.8,4.8,,
10602,2024-07-17,17:00,ST002,Southbank,Melbourne,VIC,Australia,Blueberry Muffin,Pastry,Muffin,regular,1,4.8,4.8,,
10602,2024-07-17,17:00,ST002,Southbank,Melbourne,VIC,Australia,Croissant,Pastry,Baked,regular,1,4.5,4.5,,
10603,2024-07-18,12:30,ST001,CBD Flagship,Melbourne,VIC,Australia,Double Espresso,Coffee,Espresso,double,1,4.5,4.5,Ava Jones,Silver
10604,2024-07-18,09:15,ST008,West End,Brisbane,QLD,Australia,Iced Latte,Coffee,Cold Coffee,large,1,6.0,6.0,,
10605,2024-07-18,17:45,ST011,Glenelg,Adelaide,SA,Australia,Cappuccino,Coffee,Milk Coffee,regular,1,4.8,4.8,,
10605,2024-07-18,17:45,ST011,Glenelg,Adelaide,SA,Australia,Sparkling Water,Beverage,Water,bottle,1,3.5,3.5,,
10605,2024-07-18,17:45,ST011,Glenelg,Adelaide,SA,Australia,Latte Large,Coffee,Milk Coffee,large,1,5.5,5.5,,
10606,2024-07-19,12:15,ST004,George St,Sydney,NSW,Australia,Latte,Coffee,Milk Coffee,regular,1,4.8,4.8,,
10607,2024-07-19,19:30,ST010,Adelaide Central,Adelaide,SA,Australia,Double Espresso,Coffee,Espresso,double,1,4.5,4.5,William Taylor,Gold
10607,2024-07-19,19:30,ST010,Adelaide Central,Adelaide,SA,Australia,Almond Croissant,Pastry,Baked,regular,1,5.5,5.5,William Taylor,Gold
10608,2024-07-19,07:30,ST008,West End,Brisbane,QLD,Australia,Hot Chocolate,Beverage,Chocolate,regular,1,5.0,5.0,,
10609,2024-07-20,10:45,ST010,Adelaide Central,Adelaide,SA,Australia,Double Espresso,Coffee,Espresso,double,1,4.5,4.5,,
10609,2024-07-20,10:45,ST010,Adelaide Central,Adelaide,SA,Australia,Flat White Large,Coffee,Milk Coffee,large,1,5.5,5.5,,
10609,2024-07-20,10:45,ST010,Adelaide Central,Adelaide,SA,Australia,Latte Large,Coffee,Milk Coffee,large,1,5.5,5.5,,
10610,2024-07-20,08:30,ST009,Fortitude Valley,Brisbane,QLD,Australia,Croissant,Pastry,Baked,regular,2,4.5,9.0,Max Young,Bronze
10610,2024-07-20,08:30,ST009,Fortitude Valley,Brisbane,QLD,Australia,Latte,Coffee,Milk Coffee,regular,1,4.8,4.8,Max Young,Bronze
10610,2024-07-20,08:30,ST009,Fortitude Valley,Brisbane,QLD,Australia,Long Black,Coffee,Black Coffee,regular,1,4.2,4.2,Max Young,Bronze
10611,2024-07-20,19:45,ST004,George St,Sydney,NSW,Australia,Egg & Bacon Roll,Sandwich,Hot,regular,1,7.5,7.5,,
10612,2024-07-20,18:30,ST011,Glenelg,Adelaide,SA,Australia,Chai Latte,Tea,Specialty Tea,regular,1,5.2,5.2,Leo Lee,Silver
10613,2024-07-20,12:15,ST009,Fortitude Valley,Brisbane,QLD,Australia,Cold Brew,Coffee,Cold Coffee,large,1,5.8,5.8,,
10614,2024-07-21,08:15,ST002,Southbank,Melbourne,VIC,Australia,Green Tea,Tea,Green Tea,regular,2,4.0,8.0,,
10615,2024-07-21,07:15,ST003,Fitzroy,Melbourne,VIC,Australia,Double Espresso,Coffee,Espresso,double,1,4.5,4.5,,
10615,2024-07-21,07:15,ST003,Fitzroy,Melbourne,VIC,Australia,Chai Latte,Tea,Specialty Tea,regular,2,5.2,10.4,,
10615,2024-07-21,07:15,ST003,Fitzroy,Melbourne,VIC,Australia,Almond Croissant,Pastry,Baked,regular,1,5.5,5.5,,
10616,2024-07-21,08:45,ST012,Norwood,Adelaide,SA,Australia,Latte Large,Coffee,Milk Coffee,large,1,5.5,5.5,,
10617,2024-07-21,19:00,ST004,George St,Sydney,NSW,Australia,Espresso,Coffee,Espresso,single,1,3.5,3.5,Sophia Miller,Gold
10618,2024-07-21,12:15,ST003,Fitzroy,Melbourne,VIC,Australia,Latte,Coffee,Milk Coffee,regular,1,4.8,4.8,,
10619,2024-07-22,10:30,ST010,Adelaide Central,Adelaide,SA,Australia,Latte,Coffee,Milk Coffee,regular,1,4.8,4.8,Henry Garcia,Gold
10620,2024-07-22,08:00,ST002,Southbank,Melbourne,VIC,Australia,Banana Bread,Pastry,Bread,slice,1,5.0,5.0,,
10621,2024-07-23,18:30,ST005,Surry Hills,Sydney,NSW,Australia,Flat White,Coffee,Milk Coffee,regular,1,4.8,4.8,Lucas Thomas,Bronze
10622,2024-07-23,09:00,ST008,West End,Brisbane,QLD,Australia,Double Espresso,Coffee,Espresso,double,1,4.5,4.5,,
10622,2024-07-23,09:00,ST008,West End,Brisbane,QLD,Australia,Flat White Large,Coffee,Milk Coffee,large,1,5.5,5.5,,
10623,2024-07-23,08:15,ST003,Fitzroy,Melbourne,VIC,Australia,Latte,Coffee,Milk Coffee,regular,1,4.8,4.8,,
10623,2024-07-23,08:15,ST003,Fitzroy,Melbourne,VIC,Australia,Latte Large,Coffee,Milk Coffee,large,1,5.5,5.5,,
10624,2024-07-23,15:15,ST008,West End,Brisbane,QLD,Australia,Banana Bread,Pastry,Bread,slice,2,5.0,10.0,,
10624,2024-07-23,15:15,ST008,West End,Brisbane,QLD,Australia,Latte Large,Coffee,Milk Coffee,large,2,5.5,11.0,,
10625,2024-07-24,07:00,ST007,Queen St Mall,Brisbane,QLD,Australia,Iced Latte,Coffee,Cold Coffee,large,1,6.0,6.0,Liam Johnson,Silver
10626,2024-07-24,09:45,ST007,Queen St Mall,Brisbane,QLD,Australia,Banana Bread,Pastry,Bread,slice,1,5.0,5.0,,
10626,2024-07-24,09:45,ST007,Queen St Mall,Brisbane,QLD,Australia,Double Espresso,Coffee,Espresso,double,1,4.5,4.5,,
10627,2024-07-24,13:30,ST012,Norwood,Adelaide,SA,Australia,Cappuccino,Coffee,Milk Coffee,regular,1,4.8,4.8,Aiden Clark,Bronze
10627,2024-07-24,13:30,ST012,Norwood,Adelaide,SA,Australia,Hot Chocolate,Beverage,Chocolate,regular,1,5.0,5.0,Aiden Clark,Bronze
10628,2024-07-24,08:00,ST012,Norwood,Adelaide,SA,Australia,Latte Large,Coffee,Milk Coffee,large,1,5.5,5.5,,
10629,2024-07-25,09:00,ST003,Fitzroy,Melbourne,VIC,Australia,Espresso,Coffee,Espresso,single,1,3.5,3.5,Oliver Wilson,Silver
10629,2024-07-25,09:00,ST003,Fitzroy,Melbourne,VIC,Australia,Flat White,Coffee,Milk Coffee,regular,1,4.8,4.8,Oliver Wilson,Silver
10629,2024-07-25,09:00,ST003,Fitzroy,Melbourne,VIC,Australia,Hot Chocolate,Beverage,Chocolate,regular,1,5.0,5.0,Oliver Wilson,Silver
10630,2024-07-25,09:30,ST004,George St,Sydney,NSW,Australia,Latte Large,Coffee,Milk Coffee,large,1,5.5,5.5,Liam Johnson,Silver
10631,2024-07-26,13:00,ST007,Queen St Mall,Brisbane,QLD,Australia,Espresso,Coffee,Espresso,single,1,3.5,3.5,,
10631,2024-07-26,13:00,ST007,Queen St Mall,Brisbane,QLD,Australia,Iced Latte,Coffee,Cold Coffee,large,1,6.0,6.0,,
10632,2024-07-26,20:00,ST010,Adelaide Central,Adelaide,SA,Australia,Cold Brew,Coffee,Cold Coffee,large,2,5.8,11.6,,
10632,2024-07-26,20:00,ST010,Adelaide Central,Adelaide,SA,Australia,Egg & Bacon Roll,Sandwich,Hot,regular,1,7.5,7.5,,
10632,2024-07-26,20:00,ST010,Adelaide Central,Adelaide,SA,Australia,Latte Large,Coffee,Milk Coffee,large,1,5.5,5.5,,
10633,2024-07-27,12:15,ST008,West End,Brisbane,QLD,Australia,Iced Latte,Coffee,Cold Coffee,large,1,6.0,6.0,Ethan White,Silver
10634,2024-07-27,10:30,ST003,Fitzroy,Melbourne,VIC,Australia,Chai Latte,Tea,Specialty Tea,regular,1,5.2,5.2,,
10635,2024-07-27,13:15,ST008,West End,Brisbane,QLD,Australia,Espresso,Coffee,Espresso,single,1,3.5,3.5,,
10636,2024-07-27,13:30,ST012,Norwood,Adelaide,SA,Australia,Chai Latte,Tea,Specialty Tea,regular,1,5.2,5.2,Ava Jones,Silver
10636,2024-07-27,13:30,ST012,Norwood,Adelaide,SA,Australia,Latte Large,Coffee,Milk Coffee,large,1,5.5,5.5,Ava Jones,Silver
10637,2024-07-27,07:00,ST004,George St,Sydney,NSW,Australia,Latte Large,Coffee,Milk Coffee,large,1,5.5,5.5,Ella Robinson,Silver
10638,2024-07-28,12:30,ST003,Fitzroy,Melbourne,VIC,Australia,Earl Grey,Tea,Black Tea,regular,1,4.0,4.0,,
10639,2024-07-28,09:15,ST005,Surry Hills,Sydney,NSW,Australia,Flat White Large,Coffee,Milk Coffee,large,1,5.5,5.5,,
10640,2024-07-28,07:30,ST010,Adelaide Central,Adelaide,SA,Australia,Cappuccino,Coffee,Milk Coffee,regular,2,4.8,9.6,Liam Johnson,Silver
10641,2024-07-28,09:30,ST010,Adelaide Central,Adelaide,SA,Australia,Latte,Coffee,Milk Coffee,regular,1,4.8,4.8,,
10642,2024-07-29,12:00,ST001,CBD Flagship,Melbourne,VIC,Australia,Cold Brew,Coffee,Cold Coffee,large,1,5.8,5.8,Max Young,Bronze
10642,2024-07-29,12:00,ST001,CBD Flagship,Melbourne,VIC,Australia,Double Espresso,Coffee,Espresso,double,1,4.5,4.5,Max Young,Bronze
10643,2024-07-29,12:30,ST009,Fortitude Valley,Brisbane,QLD,Australia,Banana Bread,Pastry,Bread,slice,1,5.0,5.0,Max Young,Bronze
10644,2024-07-30,07:15,ST004,George St,Sydney,NSW,Australia,Flat White,Coffee,Milk Coffee,regular,1,4.8,4.8,Leo Lee,Silver
10644,2024-07-30,07:15,ST004,George St,Sydney,NSW,Australia,Banana Bread,Pastry,Bread,slice,1,5.0,5.0,Leo Lee,Silver
10645,2024-07-30,08:15,ST002,Southbank,Melbourne,VIC,Australia,Ham & Cheese Toastie,Sandwich,Hot,regular,1,8.5,8.5,Tom Green,Silver
10645,2024-07-30,08:15,ST002,Southbank,Melbourne,VIC,Australia,Flat White,Coffee,Milk Coffee,regular,1,4.8,4.8,Tom Green,Silver
10646,2024-07-30,19:45,ST003,Fitzroy,Melbourne,VIC,Australia,Latte,Coffee,Milk Coffee,regular,1,4.8,4.8,Amelia Harris,Bronze
10647,2024-07-31,08:45,ST001,CBD Flagship,Melbourne,VIC,Australia,Cappuccino,Coffee,Milk Coffee,regular,1,4.8,4.8,Charlotte Jackson,Gold
10648,2024-07-31,13:15,ST011,Glenelg,Adelaide,SA,Australia,Latte,Coffee,Milk Coffee,regular,1,4.8,4.8,Ben Hall,Silver
10648,2024-07-31,13:15,ST011,Glenelg,Adelaide,SA,Australia,Cold Brew,Coffee,Cold Coffee,large,1,5.8,5.8,Ben Hall,Silver
10649,2024-07-31,07:30,ST002,Southbank,Melbourne,VIC,Australia,Iced Latte,Coffee,Cold Coffee,large,1,6.0,6.0,Isabella Anderson,Silver
10649,2024-07-31,07:30,ST002,Southbank,Melbourne,VIC,Australia,Double Espresso,Coffee,Espresso,double,1,4.5,4.5,Isabella Anderson,Silver
10650,2024-07-31,13:00,ST006,Bondi,Sydney,NSW,Australia,Latte Large,Coffee,Milk Coffee,large,1,5.5,5.5,,
10651,2024-08-01,10:15,ST004,George St,Sydney,NSW,Australia,Cappuccino,Coffee,Milk Coffee,regular,1,4.8,4.8,,
10652,2024-08-01,10:00,ST004,George St,Sydney,NSW,Australia,Espresso,Coffee,Espresso,single,1,3.5,3.5,,
10652,2024-08-01,10:00,ST004,George St,Sydney,NSW,Australia,Cold Brew,Coffee,Cold Coffee,large,1,5.8,5.8,,
10653,2024-08-02,06:15,ST005,Surry Hills,Sydney,NSW,Australia,Cold Brew,Coffee,Cold Coffee,large,1,5.8,5.8,Ben Hall,Silver
10653,2024-08-02,06:15,ST005,Surry Hills,Sydney,NSW,Australia,Latte,Coffee,Milk Coffee,regular,1,4.8,4.8,Ben Hall,Silver
10653,2024-08-02,06:15,ST005,Surry Hills,Sydney,NSW,Australia,Double Espresso,Coffee,Espresso,double,1,4.5,4.5,Ben Hall,Silver
10654,2024-08-02,06:45,ST009,Fortitude Valley,Brisbane,QLD,Australia,Latte,Coffee,Milk Coffee,regular,1,4.8,4.8,,
10655,2024-08-03,08:45,ST007,Queen St Mall,Brisbane,QLD,Australia,Banana Bread,Pastry,Bread,slice,1,5.0,5.0,Isabella Anderson,Silver
10656,2024-08-03,09:30,ST012,Norwood,Adelaide,SA,Australia,Double Espresso,Coffee,Espresso,double,1,4.5,4.5,Amelia Harris,Bronze
10656,2024-08-03,09:30,ST012,Norwood,Adelaide,SA,Australia,Iced Latte,Coffee,Cold Coffee,large,1,6.0,6.0,Amelia Harris,Bronze
10657,2024-08-03,09:15,ST011,Glenelg,Adelaide,SA,Australia,Latte,Coffee,Milk Coffee,regular,1,4.8,4.8,,
10657,2024-08-03,09:15,ST011,Glenelg,Adelaide,SA,Australia,Earl Grey,Tea,Black Tea,regular,1,4.0,4.0,,
10658,2024-08-04,07:45,ST001,CBD Flagship,Melbourne,VIC,Australia,Hot Chocolate,Beverage,Chocolate,regular,1,5.0,5.0,Mia Moore,Bronze
10659,2024-08-04,07:30,ST003,Fitzroy,Melbourne,VIC,Australia,Flat White,Coffee,Milk Coffee,regular,2,4.8,9.6,Ethan White,Silver
10659,2024-08-04,07:30,ST003,Fitzroy,Melbourne,VIC,Australia,Double Espresso,Coffee,Espresso,double,1,4.5,4.5,Ethan White,Silver
10660,2024-08-04,08:45,ST010,Adelaide Central,Adelaide,SA,Australia,Flat White Large,Coffee,Milk Coffee,large,1,5.5,5.5,,
10660,2024-08-04,08:45,ST010,Adelaide Central,Adelaide,SA,Australia,Latte Large,Coffee,Milk Coffee,large,1,5.5,5.5,,
10660,2024-08-04,08:45,ST010,Adelaide Central,Adelaide,SA,Australia,Latte,Coffee,Milk Coffee,regular,1,4.8,4.8,,
10661,2024-08-05,13:15,ST008,West End,Brisbane,QLD,Australia,Smoked Salmon Bagel,Sandwich,Cold,regular,2,10.0,20.0,Liam Johnson,Silver
10661,2024-08-05,13:15,ST008,West End,Brisbane,QLD,Australia,Espresso,Coffee,Espresso,single,1,3.5,3.5,Liam Johnson,Silver
10662,2024-08-05,13:30,ST009,Fortitude Valley,Brisbane,QLD,Australia,Earl Grey,Tea,Black Tea,regular,1,4.0,4.0,,
10663,2024-08-05,13:45,ST002,Southbank,Melbourne,VIC,Australia,Cappuccino,Coffee,Milk Coffee,regular,1,4.8,4.8,Ella Robinson,Silver
10664,2024-08-06,09:00,ST004,George St,Sydney,NSW,Australia,Iced Latte,Coffee,Cold Coffee,large,1,6.0,6.0,,
10665,2024-08-06,18:30,ST009,Fortitude Valley,Brisbane,QLD,Australia,Green Tea,Tea,Green Tea,regular,1,4.0,4.0,Tom Green,Silver
10665,2024-08-06,18:30,ST009,Fortitude Valley,Brisbane,QLD,Australia,Cold Brew,Coffee,Cold Coffee,large,1,5.8,5.8,Tom Green,Silver
10665,2024-08-06,18:30,ST009,Fortitude Valley,Brisbane,QLD,Australia,Latte Large,Coffee,Milk Coffee,large,1,5.5,5.5,Tom Green,Silver
10666,2024-08-06,08:00,ST005,Surry Hills,Sydney,NSW,Australia,Double Espresso,Coffee,Espresso,double,1,4.5,4.5,Amelia Harris,Bronze
10667,2024-08-07,07:00,ST003,Fitzroy,Melbourne,VIC,Australia,Espresso,Coffee,Espresso,single,2,3.5,7.0,,
10667,2024-08-07,07:00,ST003,Fitzroy,Melbourne,VIC,Australia,Latte Large,Coffee,Milk Coffee,large,2,5.5,11.0,,
10668,2024-08-07,14:45,ST008,West End,Brisbane,QLD,Australia,Long Black,Coffee,Black Coffee,regular,1,4.2,4.2,Emma Smith,Gold
10668,2024-08-07,14:45,ST008,West End,Brisbane,QLD,Australia,Matcha Latte,Tea,Specialty Tea,regular,1,5.8,5.8,Emma Smith,Gold
10669,2024-08-07,14:45,ST011,Glenelg,Adelaide,SA,Australia,Flat White Large,Coffee,Milk Coffee,large,1,5.5,5.5,,
10669,2024-08-07,14:45,ST011,Glenelg,Adelaide,SA,Australia,Long Black,Coffee,Black Coffee,regular,1,4.2,4.2,,
10670,2024-08-07,13:45,ST006,Bondi,Sydney,NSW,Australia,Double Espresso,Coffee,Espresso,double,1,4.5,4.5,Max Young,Bronze
10670,2024-08-07,13:45,ST006,Bondi,Sydney,NSW,Australia,Iced Latte,Coffee,Cold Coffee,large,1,6.0,6.0,Max Young,Bronze
10671,2024-08-08,07:15,ST006,Bondi,Sydney,NSW,Australia,Almond Croissant,Pastry,Baked,regular,1,5.5,5.5,,
10672,2024-08-08,12:45,ST003,Fitzroy,Melbourne,VIC,Australia,Flat White Large,Coffee,Milk Coffee,large,1,5.5,5.5,,
10672,2024-08-08,12:45,ST003,Fitzroy,Melbourne,VIC,Australia,Latte Large,Coffee,Milk Coffee,large,1,5.5,5.5,,
10673,2024-08-09,08:00,ST002,Southbank,Melbourne,VIC,Australia,Croissant,Pastry,Baked,regular,1,4.5,4.5,Henry Garcia,Gold
10674,2024-08-09,19:45,ST009,Fortitude Valley,Brisbane,QLD,Australia,Double Espresso,Coffee,Espresso,double,1,4.5,4.5,,
10675,2024-08-10,09:30,ST007,Queen St Mall,Brisbane,QLD,Australia,Hot Chocolate,Beverage,Chocolate,regular,1,5.0,5.0,,
10675,2024-08-10,09:30,ST007,Queen St Mall,Brisbane,QLD,Australia,Cappuccino,Coffee,Milk Coffee,regular,1,4.8,4.8,,
10676,2024-08-10,07:00,ST002,Southbank,Melbourne,VIC,Australia,Flat White,Coffee,Milk Coffee,regular,1,4.8,4.8,Ben Hall,Silver
10677,2024-08-10,16:30,ST008,West End,Brisbane,QLD,Australia,English Breakfast,Tea,Black Tea,regular,1,4.0,4.0,Oliver Wilson,Silver
10677,2024-08-10,16:30,ST008,West End,Brisbane,QLD,Australia,Chicken Pesto Panini,Sandwich,Hot,regular,1,9.5,9.5,Oliver Wilson,Silver
10678,2024-08-11,13:15,ST009,Fortitude Valley,Brisbane,QLD,Australia,Blueberry Muffin,Pastry,Muffin,regular,1,4.8,4.8,,
10678,2024-08-11,13:15,ST009,Fortitude Valley,Brisbane,QLD,Australia,Espresso,Coffee,Espresso,single,1,3.5,3.5,,
10679,2024-08-11,08:15,ST007,Queen St Mall,Brisbane,QLD,Australia,Latte,Coffee,Milk Coffee,regular,1,4.8,4.8,Emma Smith,Gold
10679,2024-08-11,08:15,ST007,Queen St Mall,Brisbane,QLD,Australia,Banana Bread,Pastry,Bread,slice,1,5.0,5.0,Emma Smith,Gold
10680,2024-08-11,07:45,ST003,Fitzroy,Melbourne,VIC,Australia,Double Espresso,Coffee,Espresso,double,1,4.5,4.5,Olivia Williams,Bronze
10681,2024-08-12,14:45,ST004,George St,Sydney,NSW,Australia,Almond Croissant,Pastry,Baked,regular,1,5.5,5.5,Sam Wright,Gold
10681,2024-08-12,14:45,ST004,George St,Sydney,NSW,Australia,Matcha Latte,Tea,Specialty Tea,regular,1,5.8,5.8,Sam Wright,Gold
10681,2024-08-12,14:45,ST004,George St,Sydney,NSW,Australia,Flat White,Coffee,Milk Coffee,regular,1,4.8,4.8,Sam Wright,Gold
10682,2024-08-12,10:15,ST005,Surry Hills,Sydney,NSW,Australia,Flat White Large,Coffee,Milk Coffee,large,1,5.5,5.5,,
10683,2024-08-13,10:15,ST011,Glenelg,Adelaide,SA,Australia,Cold Brew,Coffee,Cold Coffee,large,1,5.8,5.8,Grace Lewis,Gold
10683,2024-08-13,10:15,ST011,Glenelg,Adelaide,SA,Australia,Blueberry Muffin,Pastry,Muffin,regular,1,4.8,4.8,Grace Lewis,Gold
10683,2024-08-13,10:15,ST011,Glenelg,Adelaide,SA,Australia,Espresso,Coffee,Espresso,single,1,3.5,3.5,Grace Lewis,Gold
10684,2024-08-13,06:15,ST003,Fitzroy,Melbourne,VIC,Australia,Chocolate Cookie,Pastry,Cookie,regular,1,3.5,3.5,,
10685,2024-08-14,06:45,ST011,Glenelg,Adelaide,SA,Australia,Banana Bread,Pastry,Bread,slice,1,5.0,5.0,,
10686,2024-08-14,06:45,ST010,Adelaide Central,Adelaide,SA,Australia,Cappuccino,Coffee,Milk Coffee,regular,2,4.8,9.6,,
10687,2024-08-14,06:15,ST010,Adelaide Central,Adelaide,SA,Australia,Smoked Salmon Bagel,Sandwich,Cold,regular,1,10.0,10.0,,
10687,2024-08-14,06:15,ST010,Adelaide Central,Adelaide,SA,Australia,Latte,Coffee,Milk Coffee,regular,2,4.8,9.6,,
10688,2024-08-15,09:00,ST002,Southbank,Melbourne,VIC,Australia,Long Black,Coffee,Black Coffee,regular,1,4.2,4.2,Harper Thompson,Bronze
10689,2024-08-15,09:15,ST010,Adelaide Central,Adelaide,SA,Australia,Cold Brew,Coffee,Cold Coffee,large,1,5.8,5.8,,
10689,2024-08-15,09:15,ST010,Adelaide Central,Adelaide,SA,Australia,Flat White Large,Coffee,Milk Coffee,large,1,5.5,5.5,,
10689,2024-08-15,09:15,ST010,Adelaide Central,Adelaide,SA,Australia,Almond Croissant,Pastry,Baked,regular,1,5.5,5.5,,
10690,2024-08-15,07:45,ST008,West End,Brisbane,QLD,Australia,Banana Bread,Pastry,Bread,slice,1,5.0,5.0,,
10691,2024-08-16,12:30,ST009,Fortitude Valley,Brisbane,QLD,Australia,Cold Brew,Coffee,Cold Coffee,large,2,5.8,11.6,,
10692,2024-08-16,17:45,ST002,Southbank,Melbourne,VIC,Australia,Double Espresso,Coffee,Espresso,double,1,4.5,4.5,,
10692,2024-08-16,17:45,ST002,Southbank,Melbourne,VIC,Australia,Cold Brew,Coffee,Cold Coffee,large,1,5.8,5.8,,
10693,2024-08-16,08:45,ST009,Fortitude Valley,Brisbane,QLD,Australia,Iced Latte,Coffee,Cold Coffee,large,2,6.0,12.0,Lily King,Silver
10694,2024-08-16,14:00,ST004,George St,Sydney,NSW,Australia,Flat White Large,Coffee,Milk Coffee,large,1,5.5,5.5,Aiden Clark,Bronze
10694,2024-08-16,14:00,ST004,George St,Sydney,NSW,Australia,Cappuccino,Coffee,Milk Coffee,regular,2,4.8,9.6,Aiden Clark,Bronze
10695,2024-08-17,18:15,ST003,Fitzroy,Melbourne,VIC,Australia,Long Black,Coffee,Black Coffee,regular,1,4.2,4.2,Chloe Walker,Bronze
10695,2024-08-17,18:15,ST003,Fitzroy,Melbourne,VIC,Australia,Veggie Wrap,Sandwich,Cold,regular,1,8.0,8.0,Chloe Walker,Bronze
10696,2024-08-17,08:30,ST006,Bondi,Sydney,NSW,Australia,Almond Croissant,Pastry,Baked,regular,1,5.5,5.5,,
10697,2024-08-18,06:15,ST011,Glenelg,Adelaide,SA,Australia,Latte,Coffee,Milk Coffee,regular,1,4.8,4.8,Ben Hall,Silver
10698,2024-08-18,09:45,ST007,Queen St Mall,Brisbane,QLD,Australia,Flat White Large,Coffee,Milk Coffee,large,1,5.5,5.5,,
10698,2024-08-18,09:45,ST007,Queen St Mall,Brisbane,QLD,Australia,Long Black,Coffee,Black Coffee,regular,1,4.2,4.2,,
10699,2024-08-19,20:15,ST008,West End,Brisbane,QLD,Australia,Banana Bread,Pastry,Bread,slice,1,5.0,5.0,,
10699,2024-08-19,20:15,ST008,West End,Brisbane,QLD,Australia,Chocolate Cookie,Pastry,Cookie,regular,1,3.5,3.5,,
10700,2024-08-19,15:00,ST004,George St,Sydney,NSW,Australia,Croissant,Pastry,Baked,regular,1,4.5,4.5,,
10701,2024-08-20,13:30,ST004,George St,Sydney,NSW,Australia,Latte Large,Coffee,Milk Coffee,large,1,5.5,5.5,,
10701,2024-08-20,13:30,ST004,George St,Sydney,NSW,Australia,Flat White Large,Coffee,Milk Coffee,large,1,5.5,5.5,,
10702,2024-08-20,07:00,ST002,Southbank,Melbourne,VIC,Australia,Long Black,Coffee,Black Coffee,regular,1,4.2,4.2,,
10703,2024-08-20,15:00,ST003,Fitzroy,Melbourne,VIC,Australia,Blueberry Muffin,Pastry,Muffin,regular,2,4.8,9.6,,
10703,2024-08-20,15:00,ST003,Fitzroy,Melbourne,VIC,Australia,Matcha Latte,Tea,Specialty Tea,regular,1,5.8,5.8,,
10703,2024-08-20,15:00,ST003,Fitzroy,Melbourne,VIC,Australia,Flat White Large,Coffee,Milk Coffee,large,1,5.5,5.5,,
10704,2024-08-21,08:45,ST009,Fortitude Valley,Brisbane,QLD,Australia,Latte Large,Coffee,Milk Coffee,large,1,5.5,5.5,,
10704,2024-08-21,08:45,ST009,Fortitude Valley,Brisbane,QLD,Australia,Latte,Coffee,Milk Coffee,regular,1,4.8,4.8,,
10705,2024-08-21,13:00,ST001,CBD Flagship,Melbourne,VIC,Australia,Double Espresso,Coffee,Espresso,double,1,4.5,4.5,,
10705,2024-08-21,13:00,ST001,CBD Flagship,Melbourne,VIC,Australia,Espresso,Coffee,Espresso,single,1,3.5,3.5,,
10706,2024-08-21,10:45,ST004,George St,Sydney,NSW,Australia,Blueberry Muffin,Pastry,Muffin,regular,1,4.8,4.8,,
10706,2024-08-21,10:45,ST004,George St,Sydney,NSW,Australia,Cold Brew,Coffee,Cold Coffee,large,2,5.8,11.6,,
10707,2024-08-21,19:45,ST011,Glenelg,Adelaide,SA,Australia,Long Black,Coffee,Black Coffee,regular,1,4.2,4.2,Oliver Wilson,Silver
10708,2024-08-22,10:00,ST001,CBD Flagship,Melbourne,VIC,Australia,Espresso,Coffee,Espresso,single,2,3.5,7.0,,
10709,2024-08-22,12:15,ST009,Fortitude Valley,Brisbane,QLD,Australia,Smoked Salmon Bagel,Sandwich,Cold,regular,1,10.0,10.0,Lily King,Silver
10709,2024-08-22,12:15,ST009,Fortitude Valley,Brisbane,QLD,Australia,Flat White Large,Coffee,Milk Coffee,large,1,5.5,5.5,Lily King,Silver
10710,2024-08-22,07:00,ST009,Fortitude Valley,Brisbane,QLD,Australia,Double Espresso,Coffee,Espresso,double,1,4.5,4.5,Liam Johnson,Silver
10711,2024-08-23,12:45,ST004,George St,Sydney,NSW,Australia,Cappuccino,Coffee,Milk Coffee,regular,1,4.8,4.8,Liam Johnson,Silver
10711,2024-08-23,12:45,ST004,George St,Sydney,NSW,Australia,Blueberry Muffin,Pastry,Muffin,regular,1,4.8,4.8,Liam Johnson,Silver
10712,2024-08-23,14:30,ST006,Bondi,Sydney,NSW,Australia,Green Tea,Tea,Green Tea,regular,1,4.0,4.0,Olivia Williams,Bronze
10712,2024-08-23,14:30,ST006,Bondi,Sydney,NSW,Australia,Cold Brew,Coffee,Cold Coffee,large,2,5.8,11.6,Olivia Williams,Bronze
10713,2024-08-23,14:15,ST007,Queen St Mall,Brisbane,QLD,Australia,Cold Brew,Coffee,Cold Coffee,large,1,5.8,5.8,,
10714,2024-08-23,09:30,ST001,CBD Flagship,Melbourne,VIC,Australia,Hot Chocolate,Beverage,Chocolate,regular,1,5.0,5.0,,
10714,2024-08-23,09:30,ST001,CBD Flagship,Melbourne,VIC,Australia,Croissant,Pastry,Baked,regular,1,4.5,4.5,,
10714,2024-08-23,09:30,ST001,CBD Flagship,Melbourne,VIC,Australia,Cappuccino,Coffee,Milk Coffee,regular,2,4.8,9.6,,
10715,2024-08-24,13:30,ST010,Adelaide Central,Adelaide,SA,Australia,English Breakfast,Tea,Black Tea,regular,1,4.0,4.0,Olivia Williams,Bronze
10715,2024-08-24,13:30,ST010,Adelaide Central,Adelaide,SA,Australia,Espresso,Coffee,Espresso,single,1,3.5,3.5,Olivia Williams,Bronze
10716,2024-08-24,17:30,ST002,Southbank,Melbourne,VIC,Australia,Flat White,Coffee,Milk Coffee,regular,2,4.8,9.6,Sophia Miller,Gold
10717,2024-08-24,20:15,ST009,Fortitude Valley,Brisbane,QLD,Australia,Cappuccino,Coffee,Milk Coffee,regular,2,4.8,9.6,,
10717,2024-08-24,20:15,ST009,Fortitude Valley,Brisbane,QLD,Australia,Chai Latte,Tea,Specialty Tea,regular,1,5.2,5.2,,
10717,2024-08-24,20:15,ST009,Fortitude Valley,Brisbane,QLD,Australia,Blueberry Muffin,Pastry,Muffin,regular,2,4.8,9.6,,
10718,2024-08-25,09:45,ST005,Surry Hills,Sydney,NSW,Australia,Long Black,Coffee,Black Coffee,regular,1,4.2,4.2,Henry Garcia,Gold
10718,2024-08-25,09:45,ST005,Surry Hills,Sydney,NSW,Australia,Flat White Large,Coffee,Milk Coffee,large,1,5.5,5.5,Henry Garcia,Gold
10719,2024-08-25,15:00,ST001,CBD Flagship,Melbourne,VIC,Australia,Flat White Large,Coffee,Milk Coffee,large,1,5.5,5.5,Tom Green,Silver
10719,2024-08-25,15:00,ST001,CBD Flagship,Melbourne,VIC,Australia,Cold Brew,Coffee,Cold Coffee,large,1,5.8,5.8,Tom Green,Silver
10720,2024-08-25,14:00,ST011,Glenelg,Adelaide,SA,Australia,Earl Grey,Tea,Black Tea,regular,1,4.0,4.0,Zoe Allen,Gold
10721,2024-08-26,09:45,ST011,Glenelg,Adelaide,SA,Australia,English Breakfast,Tea,Black Tea,regular,1,4.0,4.0,Ben Hall,Silver
10722,2024-08-26,14:30,ST010,Adelaide Central,Adelaide,SA,Australia,Blueberry Muffin,Pastry,Muffin,regular,1,4.8,4.8,,
10723,2024-08-26,08:45,ST011,Glenelg,Adelaide,SA,Australia,Cold Brew,Coffee,Cold Coffee,large,1,5.8,5.8,,
10723,2024-08-26,08:45,ST011,Glenelg,Adelaide,SA,Australia,Latte,Coffee,Milk Coffee,regular,1,4.8,4.8,,
10723,2024-08-26,08:45,ST011,Glenelg,Adelaide,SA,Australia,Double Espresso,Coffee,Espresso,double,2,4.5,9.0,,
10724,2024-08-27,18:15,ST012,Norwood,Adelaide,SA,Australia,Orange Juice,Beverage,Juice,regular,1,5.5,5.5,,
10724,2024-08-27,18:15,ST012,Norwood,Adelaide,SA,Australia,Banana Bread,Pastry,Bread,slice,1,5.0,5.0,,
10725,2024-08-27,09:30,ST003,Fitzroy,Melbourne,VIC,Australia,Double Espresso,Coffee,Espresso,double,2,4.5,9.0,,
10725,2024-08-27,09:30,ST003,Fitzroy,Melbourne,VIC,Australia,Flat White Large,Coffee,Milk Coffee,large,2,5.5,11.0,,
10725,2024-08-27,09:30,ST003,Fitzroy,Melbourne,VIC,Australia,Iced Latte,Coffee,Cold Coffee,large,2,6.0,12.0,,
10726,2024-08-27,14:15,ST002,Southbank,Melbourne,VIC,Australia,Iced Latte,Coffee,Cold Coffee,large,1,6.0,6.0,,
10726,2024-08-27,14:15,ST002,Southbank,Melbourne,VIC,Australia,Latte Large,Coffee,Milk Coffee,large,1,5.5,5.5,,
10727,2024-08-27,09:15,ST009,Fortitude Valley,Brisbane,QLD,Australia,Cappuccino,Coffee,Milk Coffee,regular,1,4.8,4.8,,
10727,2024-08-27,09:15,ST009,Fortitude Valley,Brisbane,QLD,Australia,Espresso,Coffee,Espresso,single,1,3.5,3.5,,
10728,2024-08-28,08:15,ST009,Fortitude Valley,Brisbane,QLD,Australia,Cold Brew,Coffee,Cold Coffee,large,1,5.8,5.8,Max Young,Bronze
10729,2024-08-28,07:15,ST006,Bondi,Sydney,NSW,Australia,Flat White Large,Coffee,Milk Coffee,large,2,5.5,11.0,,
10729,2024-08-28,07:15,ST006,Bondi,Sydney,NSW,Australia,Long Black,Coffee,Black Coffee,regular,1,4.2,4.2,,
10730,2024-08-29,09:00,ST009,Fortitude Valley,Brisbane,QLD,Australia,Iced Latte,Coffee,Cold Coffee,large,1,6.0,6.0,Ruby Scott,Bronze
10730,2024-08-29,09:00,ST009,Fortitude Valley,Brisbane,QLD,Australia,Latte,Coffee,Milk Coffee,regular,1,4.8,4.8,Ruby Scott,Bronze
10731,2024-08-29,10:45,ST003,Fitzroy,Melbourne,VIC,Australia,Cold Brew,Coffee,Cold Coffee,large,1,5.8,5.8,,
10732,2024-08-30,08:00,ST007,Queen St Mall,Brisbane,QLD,Australia,Ham & Cheese Toastie,Sandwich,Hot,regular,2,8.5,17.0,,
10733,2024-08-30,09:15,ST012,Norwood,Adelaide,SA,Australia,Chocolate Cookie,Pastry,Cookie,regular,2,3.5,7.0,,
10733,2024-08-30,09:15,ST012,Norwood,Adelaide,SA,Australia,Earl Grey,Tea,Black Tea,regular,2,4.0,8.0,,
10733,2024-08-30,09:15,ST012,Norwood,Adelaide,SA,Australia,Iced Latte,Coffee,Cold Coffee,large,1,6.0,6.0,,
10734,2024-08-30,14:45,ST002,Southbank,Melbourne,VIC,Australia,Cold Brew,Coffee,Cold Coffee,large,1,5.8,5.8,Max Young,Bronze
10734,2024-08-30,14:45,ST002,Southbank,Melbourne,VIC,Australia,Flat White,Coffee,Milk Coffee,regular,1,4.8,4.8,Max Young,Bronze
10735,2024-08-31,19:00,ST004,George St,Sydney,NSW,Australia,Espresso,Coffee,Espresso,single,1,3.5,3.5,,
10736,2024-08-31,12:30,ST003,Fitzroy,Melbourne,VIC,Australia,Double Espresso,Coffee,Espresso,double,1,4.5,4.5,Noah Brown,Gold
10737,2024-08-31,19:15,ST004,George St,Sydney,NSW,Australia,Flat White,Coffee,Milk Coffee,regular,1,4.8,4.8,,
10738,2024-09-01,13:45,ST006,Bondi,Sydney,NSW,Australia,Flat White,Coffee,Milk Coffee,regular,1,4.8,4.8,Oliver Wilson,Silver
10739,2024-09-01,08:15,ST006,Bondi,Sydney,NSW,Australia,Cappuccino,Coffee,Milk Coffee,regular,1,4.8,4.8,James Davis,Bronze
10739,2024-09-01,08:15,ST006,Bondi,Sydney,NSW,Australia,Flat White Large,Coffee,Milk Coffee,large,1,5.5,5.5,James Davis,Bronze
10740,2024-09-01,09:00,ST012,Norwood,Adelaide,SA,Australia,Double Espresso,Coffee,Espresso,double,1,4.5,4.5,Aiden Clark,Bronze
10741,2024-09-01,09:45,ST012,Norwood,Adelaide,SA,Australia,Cold Brew,Coffee,Cold Coffee,large,1,5.8,5.8,,
10741,2024-09-01,09:45,ST012,Norwood,Adelaide,SA,Australia,Long Black,Coffee,Black Coffee,regular,1,4.2,4.2,,
10742,2024-09-02,11:15,ST009,Fortitude Valley,Brisbane,QLD,Australia,Flat White,Coffee,Milk Coffee,regular,1,4.8,4.8,Tom Green,Silver
10743,2024-09-02,12:30,ST011,Glenelg,Adelaide,SA,Australia,Banana Bread,Pastry,Bread,slice,1,5.0,5.0,Emma Smith,Gold
10744,2024-09-03,20:00,ST004,George St,Sydney,NSW,Australia,Banana Bread,Pastry,Bread,slice,1,5.0,5.0,,
10744,2024-09-03,20:00,ST004,George St,Sydney,NSW,Australia,Latte Large,Coffee,Milk Coffee,large,1,5.5,5.5,,
10745,2024-09-03,10:45,ST010,Adelaide Central,Adelaide,SA,Australia,Latte Large,Coffee,Milk Coffee,large,1,5.5,5.5,,
10745,2024-09-03,10:45,ST010,Adelaide Central,Adelaide,SA,Australia,Flat White,Coffee,Milk Coffee,regular,1,4.8,4.8,,
10746,2024-09-04,12:45,ST003,Fitzroy,Melbourne,VIC,Australia,Cappuccino,Coffee,Milk Coffee,regular,1,4.8,4.8,Isabella Anderson,Silver
10746,2024-09-04,12:45,ST003,Fitzroy,Melbourne,VIC,Australia,Latte,Coffee,Milk Coffee,regular,1,4.8,4.8,Isabella Anderson,Silver
10747,2024-09-04,12:15,ST003,Fitzroy,Melbourne,VIC,Australia,Flat White Large,Coffee,Milk Coffee,large,1,5.5,5.5,Emma Smith,Gold
10747,2024-09-04,12:15,ST003,Fitzroy,Melbourne,VIC,Australia,Cappuccino,Coffee,Milk Coffee,regular,1,4.8,4.8,Emma Smith,Gold
10748,2024-09-04,11:30,ST009,Fortitude Valley,Brisbane,QLD,Australia,Blueberry Muffin,Pastry,Muffin,regular,1,4.8,4.8,Ethan White,Silver
10749,2024-09-04,13:45,ST001,CBD Flagship,Melbourne,VIC,Australia,Double Espresso,Coffee,Espresso,double,1,4.5,4.5,,
10750,2024-09-05,08:00,ST006,Bondi,Sydney,NSW,Australia,Matcha Latte,Tea,Specialty Tea,regular,1,5.8,5.8,,
10750,2024-09-05,08:00,ST006,Bondi,Sydney,NSW,Australia,Veggie Wrap,Sandwich,Cold,regular,1,8.0,8.0,,
10750,2024-09-05,08:00,ST006,Bondi,Sydney,NSW,Australia,Earl Grey,Tea,Black Tea,regular,1,4.0,4.0,,
10751,2024-09-05,11:15,ST003,Fitzroy,Melbourne,VIC,Australia,Double Espresso,Coffee,Espresso,double,2,4.5,9.0,,
10751,2024-09-05,11:15,ST003,Fitzroy,Melbourne,VIC,Australia,Green Tea,Tea,Green Tea,regular,1,4.0,4.0,,
10752,2024-09-05,08:45,ST001,CBD Flagship,Melbourne,VIC,Australia,Iced Latte,Coffee,Cold Coffee,large,1,6.0,6.0,Isabella Anderson,Silver
10752,2024-09-05,08:45,ST001,CBD Flagship,Melbourne,VIC,Australia,Banana Bread,Pastry,Bread,slice,1,5.0,5.0,Isabella Anderson,Silver
10753,2024-09-05,10:15,ST012,Norwood,Adelaide,SA,Australia,Croissant,Pastry,Baked,regular,2,4.5,9.0,,
10754,2024-09-06,10:45,ST005,Surry Hills,Sydney,NSW,Australia,Egg & Bacon Roll,Sandwich,Hot,regular,1,7.5,7.5,Oliver Wilson,Silver
10755,2024-09-06,14:45,ST004,George St,Sydney,NSW,Australia,Latte Large,Coffee,Milk Coffee,large,1,5.5,5.5,,
10755,2024-09-06,14:45,ST004,George St,Sydney,NSW,Australia,Double Espresso,Coffee,Espresso,double,1,4.5,4.5,,
10756,2024-09-06,20:30,ST005,Surry Hills,Sydney,NSW,Australia,Almond Croissant,Pastry,Baked,regular,1,5.5,5.5,,
10757,2024-09-07,14:00,ST008,West End,Brisbane,QLD,Australia,Cold Brew,Coffee,Cold Coffee,large,1,5.8,5.8,Tom Green,Silver
10757,2024-09-07,14:00,ST008,West End,Brisbane,QLD,Australia,Flat White Large,Coffee,Milk Coffee,large,2,5.5,11.0,Tom Green,Silver
10758,2024-09-07,12:45,ST008,West End,Brisbane,QLD,Australia,Banana Bread,Pastry,Bread,slice,1,5.0,5.0,,
10758,2024-09-07,12:45,ST008,West End,Brisbane,QLD,Australia,Espresso,Coffee,Espresso,single,1,3.5,3.5,,
10759,2024-09-07,08:30,ST003,Fitzroy,Melbourne,VIC,Australia,Latte Large,Coffee,Milk Coffee,large,1,5.5,5.5,Grace Lewis,Gold
10759,2024-09-07,08:30,ST003,Fitzroy,Melbourne,VIC,Australia,Egg & Bacon Roll,Sandwich,Hot,regular,1,7.5,7.5,Grace Lewis,Gold
10759,2024-09-07,08:30,ST003,Fitzroy,Melbourne,VIC,Australia,Latte,Coffee,Milk Coffee,regular,1,4.8,4.8,Grace Lewis,Gold
10760,2024-09-07,08:15,ST001,CBD Flagship,Melbourne,VIC,Australia,Flat White,Coffee,Milk Coffee,regular,1,4.8,4.8,Zoe Allen,Gold
10760,2024-09-07,08:15,ST001,CBD Flagship,Melbourne,VIC,Australia,Latte Large,Coffee,Milk Coffee,large,1,5.5,5.5,Zoe Allen,Gold
10761,2024-09-08,13:45,ST002,Southbank,Melbourne,VIC,Australia,English Breakfast,Tea,Black Tea,regular,1,4.0,4.0,,
10762,2024-09-08,13:30,ST002,Southbank,Melbourne,VIC,Australia,Long Black,Coffee,Black Coffee,regular,1,4.2,4.2,,
10763,2024-09-09,07:15,ST008,West End,Brisbane,QLD,Australia,Flat White,Coffee,Milk Coffee,regular,1,4.8,4.8,Leo Lee,Silver
10763,2024-09-09,07:15,ST008,West End,Brisbane,QLD,Australia,Double Espresso,Coffee,Espresso,double,1,4.5,4.5,Leo Lee,Silver
10763,2024-09-09,07:15,ST008,West End,Brisbane,QLD,Australia,Latte,Coffee,Milk Coffee,regular,1,4.8,4.8,Leo Lee,Silver
10764,2024-09-09,08:00,ST010,Adelaide Central,Adelaide,SA,Australia,Chai Latte,Tea,Specialty Tea,regular,1,5.2,5.2,Charlotte Jackson,Gold
10765,2024-09-09,06:45,ST009,Fortitude Valley,Brisbane,QLD,Australia,Latte Large,Coffee,Milk Coffee,large,1,5.5,5.5,Amelia Harris,Bronze
10765,2024-09-09,06:45,ST009,Fortitude Valley,Brisbane,QLD,Australia,Long Black,Coffee,Black Coffee,regular,1,4.2,4.2,Amelia Harris,Bronze
10766,2024-09-10,14:45,ST007,Queen St Mall,Brisbane,QLD,Australia,Long Black,Coffee,Black Coffee,regular,1,4.2,4.2,,
10767,2024-09-10,06:45,ST009,Fortitude Valley,Brisbane,QLD,Australia,Iced Latte,Coffee,Cold Coffee,large,1,6.0,6.0,,
10768,2024-09-11,12:15,ST006,Bondi,Sydney,NSW,Australia,Espresso,Coffee,Espresso,single,2,3.5,7.0,Oliver Wilson,Silver
10769,2024-09-11,09:00,ST005,Surry Hills,Sydney,NSW,Australia,Chocolate Cookie,Pastry,Cookie,regular,1,3.5,3.5,,
10770,2024-09-12,12:45,ST002,Southbank,Melbourne,VIC,Australia,Blueberry Muffin,Pastry,Muffin,regular,1,4.8,4.8,Aiden Clark,Bronze
10770,2024-09-12,12:45,ST002,Southbank,Melbourne,VIC,Australia,Chocolate Cookie,Pastry,Cookie,regular,1,3.5,3.5,Aiden Clark,Bronze
10771,2024-09-12,07:30,ST001,CBD Flagship,Melbourne,VIC,Australia,Double Espresso,Coffee,Espresso,double,1,4.5,4.5,Oliver Wilson,Silver
10771,2024-09-12,07:30,ST001,CBD Flagship,Melbourne,VIC,Australia,Cappuccino,Coffee,Milk Coffee,regular,2,4.8,9.6,Oliver Wilson,Silver
10772,2024-09-12,09:45,ST004,George St,Sydney,NSW,Australia,Cappuccino,Coffee,Milk Coffee,regular,1,4.8,4.8,,
10773,2024-09-13,20:15,ST005,Surry Hills,Sydney,NSW,Australia,Latte Large,Coffee,Milk Coffee,large,1,5.5,5.5,,
10773,2024-09-13,20:15,ST005,Surry Hills,Sydney,NSW,Australia,Cappuccino,Coffee,Milk Coffee,regular,1,4.8,4.8,,
10774,2024-09-13,18:30,ST005,Surry Hills,Sydney,NSW,Australia,Long Black,Coffee,Black Coffee,regular,1,4.2,4.2,,
10775,2024-09-14,13:30,ST003,Fitzroy,Melbourne,VIC,Australia,Cappuccino,Coffee,Milk Coffee,regular,1,4.8,4.8,,
10776,2024-09-14,07:00,ST009,Fortitude Valley,Brisbane,QLD,Australia,Espresso,Coffee,Espresso,single,1,3.5,3.5,Amelia Harris,Bronze
10777,2024-09-14,10:30,ST009,Fortitude Valley,Brisbane,QLD,Australia,Latte,Coffee,Milk Coffee,regular,1,4.8,4.8,Jack Martin,Silver
10778,2024-09-15,20:00,ST005,Surry Hills,Sydney,NSW,Australia,Iced Latte,Coffee,Cold Coffee,large,1,6.0,6.0,,
10778,2024-09-15,20:00,ST005,Surry Hills,Sydney,NSW,Australia,Chai Latte,Tea,Specialty Tea,regular,1,5.2,5.2,,
10779,2024-09-15,12:00,ST005,Surry Hills,Sydney,NSW,Australia,Espresso,Coffee,Espresso,single,1,3.5,3.5,James Davis,Bronze
10779,2024-09-15,12:00,ST005,Surry Hills,Sydney,NSW,Australia,Banana Bread,Pastry,Bread,slice,1,5.0,5.0,James Davis,Bronze
10779,2024-09-15,12:00,ST005,Surry Hills,Sydney,NSW,Australia,Flat White Large,Coffee,Milk Coffee,large,1,5.5,5.5,James Davis,Bronze
10780,2024-09-15,19:15,ST007,Queen St Mall,Brisbane,QLD,Australia,Hot Chocolate,Beverage,Chocolate,regular,1,5.0,5.0,Isabella Anderson,Silver
10781,2024-09-16,15:00,ST003,Fitzroy,Melbourne,VIC,Australia,Flat White,Coffee,Milk Coffee,regular,1,4.8,4.8,Sam Wright,Gold
10782,2024-09-16,07:15,ST004,George St,Sydney,NSW,Australia,Chocolate Cookie,Pastry,Cookie,regular,2,3.5,7.0,James Davis,Bronze
10782,2024-09-16,07:15,ST004,George St,Sydney,NSW,Australia,Egg & Bacon Roll,Sandwich,Hot,regular,1,7.5,7.5,James Davis,Bronze
10783,2024-09-16,11:45,ST010,Adelaide Central,Adelaide,SA,Australia,Cappuccino,Coffee,Milk Coffee,regular,1,4.8,4.8,Oliver Wilson,Silver
10784,2024-09-17,18:00,ST001,CBD Flagship,Melbourne,VIC,Australia,Ham & Cheese Toastie,Sandwich,Hot,regular,1,8.5,8.5,,
10784,2024-09-17,18:00,ST001,CBD Flagship,Melbourne,VIC,Australia,Long Black,Coffee,Black Coffee,regular,2,4.2,8.4,,
10785,2024-09-17,09:00,ST001,CBD Flagship,Melbourne,VIC,Australia,Latte,Coffee,Milk Coffee,regular,1,4.8,4.8,,
10785,2024-09-17,09:00,ST001,CBD Flagship,Melbourne,VIC,Australia,Double Espresso,Coffee,Espresso,double,1,4.5,4.5,,
10786,2024-09-18,07:15,ST004,George St,Sydney,NSW,Australia,Egg & Bacon Roll,Sandwich,Hot,regular,1,7.5,7.5,Noah Brown,Gold
10786,2024-09-18,07:15,ST004,George St,Sydney,NSW,Australia,Long Black,Coffee,Black Coffee,regular,1,4.2,4.2,Noah Brown,Gold
10786,2024-09-18,07:15,ST004,George St,Sydney,NSW,Australia,Flat White Large,Coffee,Milk Coffee,large,1,5.5,5.5,Noah Brown,Gold
10787,2024-09-18,13:15,ST006,Bondi,Sydney,NSW,Australia,Ham & Cheese Toastie,Sandwich,Hot,regular,1,8.5,8.5,Zoe Allen,Gold
10787,2024-09-18,13:15,ST006,Bondi,Sydney,NSW,Australia,Latte,Coffee,Milk Coffee,regular,1,4.8,4.8,Zoe Allen,Gold
10788,2024-09-19,07:30,ST008,West End,Brisbane,QLD,Australia,Flat White,Coffee,Milk Coffee,regular,1,4.8,4.8,Henry Garcia,Gold
10789,2024-09-19,08:00,ST005,Surry Hills,Sydney,NSW,Australia,Latte,Coffee,Milk Coffee,regular,2,4.8,9.6,Oliver Wilson,Silver
10790,2024-09-19,08:30,ST004,George St,Sydney,NSW,Australia,Espresso,Coffee,Espresso,single,1,3.5,3.5,James Davis,Bronze
10790,2024-09-19,08:30,ST004,George St,Sydney,NSW,Australia,Smoked Salmon Bagel,Sandwich,Cold,regular,1,10.0,10.0,James Davis,Bronze
10790,2024-09-19,08:30,ST004,George St,Sydney,NSW,Australia,Flat White Large,Coffee,Milk Coffee,large,1,5.5,5.5,James Davis,Bronze
10791,2024-09-20,13:00,ST004,George St,Sydney,NSW,Australia,Matcha Latte,Tea,Specialty Tea,regular,1,5.8,5.8,,
10792,2024-09-20,08:00,ST002,Southbank,Melbourne,VIC,Australia,Egg & Bacon Roll,Sandwich,Hot,regular,1,7.5,7.5,,
10793,2024-09-20,09:15,ST003,Fitzroy,Melbourne,VIC,Australia,Espresso,Coffee,Espresso,single,1,3.5,3.5,Noah Brown,Gold
10793,2024-09-20,09:15,ST003,Fitzroy,Melbourne,VIC,Australia,Orange Juice,Beverage,Juice,regular,1,5.5,5.5,Noah Brown,Gold
10793,2024-09-20,09:15,ST003,Fitzroy,Melbourne,VIC,Australia,Latte Large,Coffee,Milk Coffee,large,2,5.5,11.0,Noah Brown,Gold
10794,2024-09-21,06:15,ST009,Fortitude Valley,Brisbane,QLD,Australia,Cappuccino,Coffee,Milk Coffee,regular,1,4.8,4.8,Leo Lee,Silver
10795,2024-09-21,08:15,ST007,Queen St Mall,Brisbane,QLD,Australia,Croissant,Pastry,Baked,regular,1,4.5,4.5,,
10796,2024-09-22,08:00,ST005,Surry Hills,Sydney,NSW,Australia,Chicken Pesto Panini,Sandwich,Hot,regular,1,9.5,9.5,Aiden Clark,Bronze
10796,2024-09-22,08:00,ST005,Surry Hills,Sydney,NSW,Australia,Banana Bread,Pastry,Bread,slice,1,5.0,5.0,Aiden Clark,Bronze
10797,2024-09-22,07:15,ST003,Fitzroy,Melbourne,VIC,Australia,Iced Latte,Coffee,Cold Coffee,large,2,6.0,12.0,,
10798,2024-09-23,19:30,ST009,Fortitude Valley,Brisbane,QLD,Australia,Latte,Coffee,Milk Coffee,regular,1,4.8,4.8,,
10799,2024-09-23,15:45,ST003,Fitzroy,Melbourne,VIC,Australia,Iced Latte,Coffee,Cold Coffee,large,1,6.0,6.0,Chloe Walker,Bronze
10799,2024-09-23,15:45,ST003,Fitzroy,Melbourne,VIC,Australia,Veggie Wrap,Sandwich,Cold,regular,1,8.0,8.0,Chloe Walker,Bronze
10799,2024-09-23,15:45,ST003,Fitzroy,Melbourne,VIC,Australia,Latte Large,Coffee,Milk Coffee,large,1,5.5,5.5,Chloe Walker,Bronze
10800,2024-09-23,07:30,ST008,West End,Brisbane,QLD,Australia,Earl Grey,Tea,Black Tea,regular,1,4.0,4.0,Ava Jones,Silver
10800,2024-09-23,07:30,ST008,West End,Brisbane,QLD,Australia,Cold Brew,Coffee,Cold Coffee,large,1,5.8,5.8,Ava Jones,Silver
10800,2024-09-23,07:30,ST008,West End,Brisbane,QLD,Australia,Flat White Large,Coffee,Milk Coffee,large,2,5.5,11.0,Ava Jones,Silver
10801,2024-09-24,18:15,ST004,George St,Sydney,NSW,Australia,Egg & Bacon Roll,Sandwich,Hot,regular,1,7.5,7.5,,
10802,2024-09-24,14:00,ST002,Southbank,Melbourne,VIC,Australia,Double Espresso,Coffee,Espresso,double,2,4.5,9.0,Sam Wright,Gold
10802,2024-09-24,14:00,ST002,Southbank,Melbourne,VIC,Australia,Long Black,Coffee,Black Coffee,regular,1,4.2,4.2,Sam Wright,Gold
10803,2024-09-25,07:00,ST012,Norwood,Adelaide,SA,Australia,Latte,Coffee,Milk Coffee,regular,1,4.8,4.8,,
10803,2024-09-25,07:00,ST012,Norwood,Adelaide,SA,Australia,Earl Grey,Tea,Black Tea,regular,2,4.0,8.0,,
10803,2024-09-25,07:00,ST012,Norwood,Adelaide,SA,Australia,Double Espresso,Coffee,Espresso,double,1,4.5,4.5,,
10804,2024-09-25,12:30,ST004,George St,Sydney,NSW,Australia,Banana Bread,Pastry,Bread,slice,1,5.0,5.0,Olivia Williams,Bronze
10804,2024-09-25,12:30,ST004,George St,Sydney,NSW,Australia,Latte Large,Coffee,Milk Coffee,large,1,5.5,5.5,Olivia Williams,Bronze
10805,2024-09-25,08:45,ST008,West End,Brisbane,QLD,Australia,Long Black,Coffee,Black Coffee,regular,1,4.2,4.2,Max Young,Bronze
10806,2024-09-25,08:15,ST004,George St,Sydney,NSW,Australia,Matcha Latte,Tea,Specialty Tea,regular,1,5.8,5.8,,
10806,2024-09-25,08:15,ST004,George St,Sydney,NSW,Australia,Double Espresso,Coffee,Espresso,double,1,4.5,4.5,,
10806,2024-09-25,08:15,ST004,George St,Sydney,NSW,Australia,Iced Latte,Coffee,Cold Coffee,large,1,6.0,6.0,,
10807,2024-09-26,15:45,ST012,Norwood,Adelaide,SA,Australia,Flat White Large,Coffee,Milk Coffee,large,1,5.5,5.5,,
10807,2024-09-26,15:45,ST012,Norwood,Adelaide,SA,Australia,Espresso,Coffee,Espresso,single,1,3.5,3.5,,
10808,2024-09-26,09:00,ST008,West End,Brisbane,QLD,Australia,Veggie Wrap,Sandwich,Cold,regular,1,8.0,8.0,Sophia Miller,Gold
10809,2024-09-26,12:30,ST007,Queen St Mall,Brisbane,QLD,Australia,Latte Large,Coffee,Milk Coffee,large,1,5.5,5.5,,
10809,2024-09-26,12:30,ST007,Queen St Mall,Brisbane,QLD,Australia,Egg & Bacon Roll,Sandwich,Hot,regular,1,7.5,7.5,,
10810,2024-09-27,06:45,ST008,West End,Brisbane,QLD,Australia,Chai Latte,Tea,Specialty Tea,regular,1,5.2,5.2,,
10811,2024-09-27,09:00,ST003,Fitzroy,Melbourne,VIC,Australia,Cold Brew,Coffee,Cold Coffee,large,1,5.8,5.8,,
10811,2024-09-27,09:00,ST003,Fitzroy,Melbourne,VIC,Australia,English Breakfast,Tea,Black Tea,regular,1,4.0,4.0,,
10811,2024-09-27,09:00,ST003,Fitzroy,Melbourne,VIC,Australia,Iced Latte,Coffee,Cold Coffee,large,1,6.0,6.0,,
10812,2024-09-28,12:15,ST007,Queen St Mall,Brisbane,QLD,Australia,Double Espresso,Coffee,Espresso,double,1,4.5,4.5,,
10813,2024-09-28,06:00,ST006,Bondi,Sydney,NSW,Australia,Cappuccino,Coffee,Milk Coffee,regular,1,4.8,4.8,Emma Smith,Gold
10814,2024-09-28,11:45,ST012,Norwood,Adelaide,SA,Australia,Long Black,Coffee,Black Coffee,regular,1,4.2,4.2,,
10815,2024-09-28,09:45,ST011,Glenelg,Adelaide,SA,Australia,Flat White Large,Coffee,Milk Coffee,large,1,5.5,5.5,Sophia Miller,Gold
10816,2024-09-29,11:45,ST003,Fitzroy,Melbourne,VIC,Australia,Cappuccino,Coffee,Milk Coffee,regular,1,4.8,4.8,Noah Brown,Gold
10816,2024-09-29,11:45,ST003,Fitzroy,Melbourne,VIC,Australia,Espresso,Coffee,Espresso,single,1,3.5,3.5,Noah Brown,Gold
10817,2024-09-29,06:30,ST004,George St,Sydney,NSW,Australia,Cappuccino,Coffee,Milk Coffee,regular,1,4.8,4.8,,
10817,2024-09-29,06:30,ST004,George St,Sydney,NSW,Australia,Flat White,Coffee,Milk Coffee,regular,1,4.8,4.8,,
10817,2024-09-29,06:30,ST004,George St,Sydney,NSW,Australia,Latte Large,Coffee,Milk Coffee,large,2,5.5,11.0,,
10818,2024-09-29,15:00,ST012,Norwood,Adelaide,SA,Australia,Long Black,Coffee,Black Coffee,regular,1,4.2,4.2,,
10819,2024-09-30,07:00,ST006,Bondi,Sydney,NSW,Australia,Blueberry Muffin,Pastry,Muffin,regular,1,4.8,4.8,Ava Jones,Silver
10819,2024-09-30,07:00,ST006,Bondi,Sydney,NSW,Australia,Banana Bread,Pastry,Bread,slice,2,5.0,10.0,Ava Jones,Silver
10820,2024-09-30,14:30,ST002,Southbank,Melbourne,VIC,Australia,Flat White Large,Coffee,Milk Coffee,large,1,5.5,5.5,,
10820,2024-09-30,14:30,ST002,Southbank,Melbourne,VIC,Australia,Green Tea,Tea,Green Tea,regular,1,4.0,4.0,,
10820,2024-09-30,14:30,ST002,Southbank,Melbourne,VIC,Australia,Cappuccino,Coffee,Milk Coffee,regular,1,4.8,4.8,,
10821,2024-10-01,14:15,ST011,Glenelg,Adelaide,SA,Australia,Cappuccino,Coffee,Milk Coffee,regular,1,4.8,4.8,,
10822,2024-10-01,08:45,ST008,West End,Brisbane,QLD,Australia,Flat White Large,Coffee,Milk Coffee,large,2,5.5,11.0,,
10822,2024-10-01,08:45,ST008,West End,Brisbane,QLD,Australia,Chocolate Cookie,Pastry,Cookie,regular,1,3.5,3.5,,
10823,2024-10-01,12:30,ST006,Bondi,Sydney,NSW,Australia,Iced Latte,Coffee,Cold Coffee,large,1,6.0,6.0,,
10823,2024-10-01,12:30,ST006,Bondi,Sydney,NSW,Australia,Cappuccino,Coffee,Milk Coffee,regular,1,4.8,4.8,,
10824,2024-10-01,19:15,ST009,Fortitude Valley,Brisbane,QLD,Australia,Veggie Wrap,Sandwich,Cold,regular,1,8.0,8.0,,
10825,2024-10-02,14:15,ST005,Surry Hills,Sydney,NSW,Australia,Flat White Large,Coffee,Milk Coffee,large,1,5.5,5.5,Leo Lee,Silver
10826,2024-10-02,12:45,ST003,Fitzroy,Melbourne,VIC,Australia,Espresso,Coffee,Espresso,single,1,3.5,3.5,Grace Lewis,Gold
10827,2024-10-02,20:00,ST006,Bondi,Sydney,NSW,Australia,Croissant,Pastry,Baked,regular,2,4.5,9.0,,
10828,2024-10-02,07:00,ST010,Adelaide Central,Adelaide,SA,Australia,Cappuccino,Coffee,Milk Coffee,regular,1,4.8,4.8,,
10828,2024-10-02,07:00,ST010,Adelaide Central,Adelaide,SA,Australia,Flat White Large,Coffee,Milk Coffee,large,1,5.5,5.5,,
10829,2024-10-03,19:00,ST007,Queen St Mall,Brisbane,QLD,Australia,Iced Latte,Coffee,Cold Coffee,large,1,6.0,6.0,James Davis,Bronze
10830,2024-10-03,06:00,ST004,George St,Sydney,NSW,Australia,Chocolate Cookie,Pastry,Cookie,regular,1,3.5,3.5,,
10831,2024-10-04,09:45,ST005,Surry Hills,Sydney,NSW,Australia,Croissant,Pastry,Baked,regular,1,4.5,4.5,Ben Hall,Silver
10832,2024-10-04,10:30,ST011,Glenelg,Adelaide,SA,Australia,Latte,Coffee,Milk Coffee,regular,1,4.8,4.8,Emma Smith,Gold
10833,2024-10-05,14:00,ST008,West End,Brisbane,QLD,Australia,Egg & Bacon Roll,Sandwich,Hot,regular,1,7.5,7.5,Olivia Williams,Bronze
10833,2024-10-05,14:00,ST008,West End,Brisbane,QLD,Australia,Latte,Coffee,Milk Coffee,regular,1,4.8,4.8,Olivia Williams,Bronze
10834,2024-10-05,16:45,ST007,Queen St Mall,Brisbane,QLD,Australia,Chai Latte,Tea,Specialty Tea,regular,1,5.2,5.2,,
10835,2024-10-05,13:30,ST007,Queen St Mall,Brisbane,QLD,Australia,Double Espresso,Coffee,Espresso,double,1,4.5,4.5,,
10836,2024-10-05,11:15,ST003,Fitzroy,Melbourne,VIC,Australia,Espresso,Coffee,Espresso,single,2,3.5,7.0,,
10837,2024-10-05,08:15,ST009,Fortitude Valley,Brisbane,QLD,Australia,Green Tea,Tea,Green Tea,regular,1,4.0,4.0,,
10837,2024-10-05,08:15,ST009,Fortitude Valley,Brisbane,QLD,Australia,Latte Large,Coffee,Milk Coffee,large,1,5.5,5.5,,
10837,2024-10-05,08:15,ST009,Fortitude Valley,Brisbane,QLD,Australia,English Breakfast,Tea,Black Tea,regular,1,4.0,4.0,,
10838,2024-10-06,08:45,ST004,George St,Sydney,NSW,Australia,Latte,Coffee,Milk Coffee,regular,1,4.8,4.8,,
10839,2024-10-06,12:30,ST001,CBD Flagship,Melbourne,VIC,Australia,Chai Latte,Tea,Specialty Tea,regular,1,5.2,5.2,Harper Thompson,Bronze
10839,2024-10-06,12:30,ST001,CBD Flagship,Melbourne,VIC,Australia,Double Espresso,Coffee,Espresso,double,1,4.5,4.5,Harper Thompson,Bronze
10840,2024-10-06,13:45,ST005,Surry Hills,Sydney,NSW,Australia,Iced Latte,Coffee,Cold Coffee,large,1,6.0,6.0,,
10841,2024-10-07,18:45,ST006,Bondi,Sydney,NSW,Australia,Earl Grey,Tea,Black Tea,regular,1,4.0,4.0,James Davis,Bronze
10842,2024-10-07,20:45,ST009,Fortitude Valley,Brisbane,QLD,Australia,Iced Latte,Coffee,Cold Coffee,large,2,6.0,12.0,Noah Brown,Gold
10843,2024-10-08,18:00,ST002,Southbank,Melbourne,VIC,Australia,Double Espresso,Coffee,Espresso,double,2,4.5,9.0,,
10843,2024-10-08,18:00,ST002,Southbank,Melbourne,VIC,Australia,Latte,Coffee,Milk Coffee,regular,1,4.8,4.8,,
10844,2024-10-08,08:45,ST005,Surry Hills,Sydney,NSW,Australia,Chai Latte,Tea,Specialty Tea,regular,1,5.2,5.2,Isabella Anderson,Silver
10845,2024-10-08,08:15,ST011,Glenelg,Adelaide,SA,Australia,Cold Brew,Coffee,Cold Coffee,large,1,5.8,5.8,Tom Green,Silver
10846,2024-10-09,08:45,ST012,Norwood,Adelaide,SA,Australia,Flat White,Coffee,Milk Coffee,regular,1,4.8,4.8,,
10846,2024-10-09,08:45,ST012,Norwood,Adelaide,SA,Australia,Flat White Large,Coffee,Milk Coffee,large,1,5.5,5.5,,
10847,2024-10-09,08:45,ST003,Fitzroy,Melbourne,VIC,Australia,Iced Latte,Coffee,Cold Coffee,large,1,6.0,6.0,,
10847,2024-10-09,08:45,ST003,Fitzroy,Melbourne,VIC,Australia,Espresso,Coffee,Espresso,single,1,3.5,3.5,,
10847,2024-10-09,08:45,ST003,Fitzroy,Melbourne,VIC,Australia,Latte Large,Coffee,Milk Coffee,large,1,5.5,5.5,,
10848,2024-10-09,08:30,ST006,Bondi,Sydney,NSW,Australia,Latte Large,Coffee,Milk Coffee,large,1,5.5,5.5,Ava Jones,Silver
10849,2024-10-09,19:45,ST005,Surry Hills,Sydney,NSW,Australia,Flat White Large,Coffee,Milk Coffee,large,1,5.5,5.5,,
10849,2024-10-09,19:45,ST005,Surry Hills,Sydney,NSW,Australia,Cappuccino,Coffee,Milk Coffee,regular,1,4.8,4.8,,
10850,2024-10-10,14:15,ST008,West End,Brisbane,QLD,Australia,Flat White Large,Coffee,Milk Coffee,large,1,5.5,5.5,Emma Smith,Gold
10850,2024-10-10,14:15,ST008,West End,Brisbane,QLD,Australia,Chicken Pesto Panini,Sandwich,Hot,regular,1,9.5,9.5,Emma Smith,Gold
10850,2024-10-10,14:15,ST008,West End,Brisbane,QLD,Australia,Latte Large,Coffee,Milk Coffee,large,2,5.5,11.0,Emma Smith,Gold
10851,2024-10-10,08:00,ST002,Southbank,Melbourne,VIC,Australia,Matcha Latte,Tea,Specialty Tea,regular,1,5.8,5.8,Ella Robinson,Silver
10852,2024-10-10,12:15,ST012,Norwood,Adelaide,SA,Australia,Blueberry Muffin,Pastry,Muffin,regular,1,4.8,4.8,,
10853,2024-10-11,13:45,ST001,CBD Flagship,Melbourne,VIC,Australia,Chocolate Cookie,Pastry,Cookie,regular,1,3.5,3.5,Tom Green,Silver
10853,2024-10-11,13:45,ST001,CBD Flagship,Melbourne,VIC,Australia,Almond Croissant,Pastry,Baked,regular,1,5.5,5.5,Tom Green,Silver
10853,2024-10-11,13:45,ST001,CBD Flagship,Melbourne,VIC,Australia,Blueberry Muffin,Pastry,Muffin,regular,1,4.8,4.8,Tom Green,Silver
10854,2024-10-11,13:15,ST004,George St,Sydney,NSW,Australia,Banana Bread,Pastry,Bread,slice,2,5.0,10.0,,
10854,2024-10-11,13:15,ST004,George St,Sydney,NSW,Australia,Chai Latte,Tea,Specialty Tea,regular,1,5.2,5.2,,
10854,2024-10-11,13:15,ST004,George St,Sydney,NSW,Australia,Latte Large,Coffee,Milk Coffee,large,2,5.5,11.0,,
10855,2024-10-12,08:45,ST007,Queen St Mall,Brisbane,QLD,Australia,Sparkling Water,Beverage,Water,bottle,1,3.5,3.5,Charlotte Jackson,Gold
10856,2024-10-12,07:15,ST004,George St,Sydney,NSW,Australia,Flat White Large,Coffee,Milk Coffee,large,1,5.5,5.5,Oliver Wilson,Silver
10856,2024-10-12,07:15,ST004,George St,Sydney,NSW,Australia,Flat White,Coffee,Milk Coffee,regular,1,4.8,4.8,Oliver Wilson,Silver
10857,2024-10-12,08:30,ST005,Surry Hills,Sydney,NSW,Australia,Chai Latte,Tea,Specialty Tea,regular,1,5.2,5.2,,
10858,2024-10-13,14:45,ST010,Adelaide Central,Adelaide,SA,Australia,Sparkling Water,Beverage,Water,bottle,1,3.5,3.5,,
10859,2024-10-13,09:00,ST004,George St,Sydney,NSW,Australia,Cappuccino,Coffee,Milk Coffee,regular,1,4.8,4.8,Harper Thompson,Bronze
10860,2024-10-13,07:30,ST010,Adelaide Central,Adelaide,SA,Australia,English Breakfast,Tea,Black Tea,regular,1,4.0,4.0,,
10861,2024-10-13,07:15,ST011,Glenelg,Adelaide,SA,Australia,Chocolate Cookie,Pastry,Cookie,regular,1,3.5,3.5,,
10862,2024-10-14,08:15,ST002,Southbank,Melbourne,VIC,Australia,Flat White Large,Coffee,Milk Coffee,large,1,5.5,5.5,Ruby Scott,Bronze
10863,2024-10-14,18:00,ST011,Glenelg,Adelaide,SA,Australia,English Breakfast,Tea,Black Tea,regular,1,4.0,4.0,,
10863,2024-10-14,18:00,ST011,Glenelg,Adelaide,SA,Australia,Cappuccino,Coffee,Milk Coffee,regular,1,4.8,4.8,,
10864,2024-10-14,16:45,ST012,Norwood,Adelaide,SA,Australia,Cappuccino,Coffee,Milk Coffee,regular,1,4.8,4.8,,
10865,2024-10-15,08:45,ST007,Queen St Mall,Brisbane,QLD,Australia,Flat White,Coffee,Milk Coffee,regular,1,4.8,4.8,,
10866,2024-10-15,17:00,ST006,Bondi,Sydney,NSW,Australia,Long Black,Coffee,Black Coffee,regular,1,4.2,4.2,William Taylor,Gold
10866,2024-10-15,17:00,ST006,Bondi,Sydney,NSW,Australia,Egg & Bacon Roll,Sandwich,Hot,regular,1,7.5,7.5,William Taylor,Gold
10867,2024-10-16,13:45,ST007,Queen St Mall,Brisbane,QLD,Australia,Latte Large,Coffee,Milk Coffee,large,1,5.5,5.5,James Davis,Bronze
10868,2024-10-16,07:15,ST010,Adelaide Central,Adelaide,SA,Australia,Egg & Bacon Roll,Sandwich,Hot,regular,1,7.5,7.5,,
10869,2024-10-16,09:30,ST001,CBD Flagship,Melbourne,VIC,Australia,Ham & Cheese Toastie,Sandwich,Hot,regular,1,8.5,8.5,Ben Hall,Silver
10870,2024-10-16,09:15,ST005,Surry Hills,Sydney,NSW,Australia,Cappuccino,Coffee,Milk Coffee,regular,1,4.8,4.8,Max Young,Bronze
10871,2024-10-17,12:00,ST003,Fitzroy,Melbourne,VIC,Australia,Latte,Coffee,Milk Coffee,regular,1,4.8,4.8,Noah Brown,Gold
10872,2024-10-17,13:30,ST003,Fitzroy,Melbourne,VIC,Australia,Cappuccino,Coffee,Milk Coffee,regular,1,4.8,4.8,James Davis,Bronze
10872,2024-10-17,13:30,ST003,Fitzroy,Melbourne,VIC,Australia,Matcha Latte,Tea,Specialty Tea,regular,2,5.8,11.6,James Davis,Bronze
10873,2024-10-17,14:00,ST002,Southbank,Melbourne,VIC,Australia,Green Tea,Tea,Green Tea,regular,1,4.0,4.0,,
10873,2024-10-17,14:00,ST002,Southbank,Melbourne,VIC,Australia,Espresso,Coffee,Espresso,single,2,3.5,7.0,,
10874,2024-10-17,08:15,ST006,Bondi,Sydney,NSW,Australia,Flat White,Coffee,Milk Coffee,regular,1,4.8,4.8,,
10875,2024-10-18,06:45,ST001,CBD Flagship,Melbourne,VIC,Australia,Cappuccino,Coffee,Milk Coffee,regular,2,4.8,9.6,Ava Jones,Silver
10876,2024-10-18,09:30,ST010,Adelaide Central,Adelaide,SA,Australia,Cold Brew,Coffee,Cold Coffee,large,1,5.8,5.8,Grace Lewis,Gold
10876,2024-10-18,09:30,ST010,Adelaide Central,Adelaide,SA,Australia,Chocolate Cookie,Pastry,Cookie,regular,1,3.5,3.5,Grace Lewis,Gold
10876,2024-10-18,09:30,ST010,Adelaide Central,Adelaide,SA,Australia,Long Black,Coffee,Black Coffee,regular,1,4.2,4.2,Grace Lewis,Gold
10877,2024-10-18,13:00,ST010,Adelaide Central,Adelaide,SA,Australia,Latte,Coffee,Milk Coffee,regular,1,4.8,4.8,,
10877,2024-10-18,13:00,ST010,Adelaide Central,Adelaide,SA,Australia,Flat White,Coffee,Milk Coffee,regular,1,4.8,4.8,,
10878,2024-10-18,08:30,ST002,Southbank,Melbourne,VIC,Australia,Latte,Coffee,Milk Coffee,regular,1,4.8,4.8,Emma Smith,Gold
10879,2024-10-19,07:00,ST005,Surry Hills,Sydney,NSW,Australia,Iced Latte,Coffee,Cold Coffee,large,2,6.0,12.0,,
10879,2024-10-19,07:00,ST005,Surry Hills,Sydney,NSW,Australia,Cappuccino,Coffee,Milk Coffee,regular,1,4.8,4.8,,
10880,2024-10-19,08:00,ST006,Bondi,Sydney,NSW,Australia,Long Black,Coffee,Black Coffee,regular,1,4.2,4.2,,
10880,2024-10-19,08:00,ST006,Bondi,Sydney,NSW,Australia,Cold Brew,Coffee,Cold Coffee,large,1,5.8,5.8,,
10880,2024-10-19,08:00,ST006,Bondi,Sydney,NSW,Australia,Flat White,Coffee,Milk Coffee,regular,1,4.8,4.8,,
10881,2024-10-20,09:30,ST001,CBD Flagship,Melbourne,VIC,Australia,Cold Brew,Coffee,Cold Coffee,large,1,5.8,5.8,,
10881,2024-10-20,09:30,ST001,CBD Flagship,Melbourne,VIC,Australia,Iced Latte,Coffee,Cold Coffee,large,1,6.0,6.0,,
10882,2024-10-20,06:15,ST007,Queen St Mall,Brisbane,QLD,Australia,Banana Bread,Pastry,Bread,slice,1,5.0,5.0,,
10882,2024-10-20,06:15,ST007,Queen St Mall,Brisbane,QLD,Australia,Flat White,Coffee,Milk Coffee,regular,1,4.8,4.8,,
10883,2024-10-20,09:45,ST006,Bondi,Sydney,NSW,Australia,Espresso,Coffee,Espresso,single,1,3.5,3.5,,
10884,2024-10-20,12:15,ST008,West End,Brisbane,QLD,Australia,Latte Large,Coffee,Milk Coffee,large,1,5.5,5.5,Ella Robinson,Silver
10885,2024-10-21,08:00,ST010,Adelaide Central,Adelaide,SA,Australia,Banana Bread,Pastry,Bread,slice,1,5.0,5.0,,
10885,2024-10-21,08:00,ST010,Adelaide Central,Adelaide,SA,Australia,Chocolate Cookie,Pastry,Cookie,regular,1,3.5,3.5,,
10886,2024-10-21,09:45,ST001,CBD Flagship,Melbourne,VIC,Australia,Egg & Bacon Roll,Sandwich,Hot,regular,1,7.5,7.5,,
10887,2024-10-22,13:45,ST008,West End,Brisbane,QLD,Australia,Double Espresso,Coffee,Espresso,double,1,4.5,4.5,Tom Green,Silver
10888,2024-10-22,06:00,ST004,George St,Sydney,NSW,Australia,Flat White Large,Coffee,Milk Coffee,large,1,5.5,5.5,Sam Wright,Gold
10888,2024-10-22,06:00,ST004,George St,Sydney,NSW,Australia,Latte,Coffee,Milk Coffee,regular,1,4.8,4.8,Sam Wright,Gold
10888,2024-10-22,06:00,ST004,George St,Sydney,NSW,Australia,Iced Latte,Coffee,Cold Coffee,large,1,6.0,6.0,Sam Wright,Gold
10889,2024-10-22,08:15,ST010,Adelaide Central,Adelaide,SA,Australia,Double Espresso,Coffee,Espresso,double,1,4.5,4.5,,
10890,2024-10-23,10:15,ST012,Norwood,Adelaide,SA,Australia,Banana Bread,Pastry,Bread,slice,1,5.0,5.0,Noah Brown,Gold
10891,2024-10-23,09:15,ST002,Southbank,Melbourne,VIC,Australia,Long Black,Coffee,Black Coffee,regular,1,4.2,4.2,,
10892,2024-10-23,12:00,ST011,Glenelg,Adelaide,SA,Australia,Latte,Coffee,Milk Coffee,regular,1,4.8,4.8,Tom Green,Silver
10893,2024-10-24,08:45,ST010,Adelaide Central,Adelaide,SA,Australia,Cappuccino,Coffee,Milk Coffee,regular,1,4.8,4.8,Leo Lee,Silver
10894,2024-10-24,17:45,ST010,Adelaide Central,Adelaide,SA,Australia,Croissant,Pastry,Baked,regular,1,4.5,4.5,,
10895,2024-10-25,07:00,ST005,Surry Hills,Sydney,NSW,Australia,English Breakfast,Tea,Black Tea,regular,2,4.0,8.0,Jack Martin,Silver
10895,2024-10-25,07:00,ST005,Surry Hills,Sydney,NSW,Australia,Blueberry Muffin,Pastry,Muffin,regular,1,4.8,4.8,Jack Martin,Silver
10896,2024-10-25,12:00,ST009,Fortitude Valley,Brisbane,QLD,Australia,Orange Juice,Beverage,Juice,regular,1,5.5,5.5,Ava Jones,Silver
10897,2024-10-25,20:45,ST001,CBD Flagship,Melbourne,VIC,Australia,Latte Large,Coffee,Milk Coffee,large,1,5.5,5.5,,
10898,2024-10-25,09:45,ST006,Bondi,Sydney,NSW,Australia,Flat White Large,Coffee,Milk Coffee,large,1,5.5,5.5,Ethan White,Silver
10899,2024-10-26,08:30,ST002,Southbank,Melbourne,VIC,Australia,Veggie Wrap,Sandwich,Cold,regular,2,8.0,16.0,,
10900,2024-10-26,08:00,ST004,George St,Sydney,NSW,Australia,Banana Bread,Pastry,Bread,slice,2,5.0,10.0,Max Young,Bronze
10901,2024-10-26,08:00,ST006,Bondi,Sydney,NSW,Australia,Cappuccino,Coffee,Milk Coffee,regular,1,4.8,4.8,,
10902,2024-10-26,08:00,ST003,Fitzroy,Melbourne,VIC,Australia,Banana Bread,Pastry,Bread,slice,1,5.0,5.0,Zoe Allen,Gold
10903,2024-10-27,09:30,ST009,Fortitude Valley,Brisbane,QLD,Australia,Almond Croissant,Pastry,Baked,regular,1,5.5,5.5,,
10904,2024-10-27,08:15,ST005,Surry Hills,Sydney,NSW,Australia,Iced Latte,Coffee,Cold Coffee,large,1,6.0,6.0,,
10905,2024-10-27,07:30,ST002,Southbank,Melbourne,VIC,Australia,Flat White,Coffee,Milk Coffee,regular,1,4.8,4.8,,
10905,2024-10-27,07:30,ST002,Southbank,Melbourne,VIC,Australia,Chocolate Cookie,Pastry,Cookie,regular,1,3.5,3.5,,
10906,2024-10-28,14:45,ST011,Glenelg,Adelaide,SA,Australia,Double Espresso,Coffee,Espresso,double,1,4.5,4.5,,
10906,2024-10-28,14:45,ST011,Glenelg,Adelaide,SA,Australia,Iced Latte,Coffee,Cold Coffee,large,1,6.0,6.0,,
10906,2024-10-28,14:45,ST011,Glenelg,Adelaide,SA,Australia,Chocolate Cookie,Pastry,Cookie,regular,1,3.5,3.5,,
10907,2024-10-28,13:45,ST009,Fortitude Valley,Brisbane,QLD,Australia,Iced Latte,Coffee,Cold Coffee,large,1,6.0,6.0,Harper Thompson,Bronze
10907,2024-10-28,13:45,ST009,Fortitude Valley,Brisbane,QLD,Australia,Green Tea,Tea,Green Tea,regular,1,4.0,4.0,Harper Thompson,Bronze
10907,2024-10-28,13:45,ST009,Fortitude Valley,Brisbane,QLD,Australia,Almond Croissant,Pastry,Baked,regular,1,5.5,5.5,Harper Thompson,Bronze
10908,2024-10-29,08:00,ST001,CBD Flagship,Melbourne,VIC,Australia,Iced Latte,Coffee,Cold Coffee,large,1,6.0,6.0,,
10909,2024-10-29,08:30,ST011,Glenelg,Adelaide,SA,Australia,Earl Grey,Tea,Black Tea,regular,1,4.0,4.0,Olivia Williams,Bronze
10909,2024-10-29,08:30,ST011,Glenelg,Adelaide,SA,Australia,Cappuccino,Coffee,Milk Coffee,regular,2,4.8,9.6,Olivia Williams,Bronze
10910,2024-10-30,08:00,ST007,Queen St Mall,Brisbane,QLD,Australia,Chai Latte,Tea,Specialty Tea,regular,1,5.2,5.2,,
10911,2024-10-30,13:45,ST010,Adelaide Central,Adelaide,SA,Australia,Iced Latte,Coffee,Cold Coffee,large,1,6.0,6.0,Ava Jones,Silver
10911,2024-10-30,13:45,ST010,Adelaide Central,Adelaide,SA,Australia,Espresso,Coffee,Espresso,single,1,3.5,3.5,Ava Jones,Silver
10911,2024-10-30,13:45,ST010,Adelaide Central,Adelaide,SA,Australia,Chocolate Cookie,Pastry,Cookie,regular,1,3.5,3.5,Ava Jones,Silver
10912,2024-10-30,19:15,ST012,Norwood,Adelaide,SA,Australia,Flat White Large,Coffee,Milk Coffee,large,1,5.5,5.5,Olivia Williams,Bronze
10913,2024-10-31,14:45,ST010,Adelaide Central,Adelaide,SA,Australia,Flat White,Coffee,Milk Coffee,regular,1,4.8,4.8,,
10913,2024-10-31,14:45,ST010,Adelaide Central,Adelaide,SA,Australia,Latte Large,Coffee,Milk Coffee,large,1,5.5,5.5,,
10914,2024-10-31,08:00,ST001,CBD Flagship,Melbourne,VIC,Australia,Cold Brew,Coffee,Cold Coffee,large,1,5.8,5.8,William Taylor,Gold
10914,2024-10-31,08:00,ST001,CBD Flagship,Melbourne,VIC,Australia,Latte Large,Coffee,Milk Coffee,large,1,5.5,5.5,William Taylor,Gold
10915,2024-10-31,10:30,ST009,Fortitude Valley,Brisbane,QLD,Australia,Double Espresso,Coffee,Espresso,double,2,4.5,9.0,,
10915,2024-10-31,10:30,ST009,Fortitude Valley,Brisbane,QLD,Australia,Croissant,Pastry,Baked,regular,1,4.5,4.5,,
10915,2024-10-31,10:30,ST009,Fortitude Valley,Brisbane,QLD,Australia,Flat White Large,Coffee,Milk Coffee,large,1,5.5,5.5,,
10916,2024-11-01,13:30,ST010,Adelaide Central,Adelaide,SA,Australia,Cold Brew,Coffee,Cold Coffee,large,1,5.8,5.8,Sam Wright,Gold
10916,2024-11-01,13:30,ST010,Adelaide Central,Adelaide,SA,Australia,Cappuccino,Coffee,Milk Coffee,regular,1,4.8,4.8,Sam Wright,Gold
10917,2024-11-01,12:45,ST011,Glenelg,Adelaide,SA,Australia,Orange Juice,Beverage,Juice,regular,1,5.5,5.5,,
10918,2024-11-02,20:30,ST007,Queen St Mall,Brisbane,QLD,Australia,Egg & Bacon Roll,Sandwich,Hot,regular,1,7.5,7.5,,
10918,2024-11-02,20:30,ST007,Queen St Mall,Brisbane,QLD,Australia,Flat White,Coffee,Milk Coffee,regular,1,4.8,4.8,,
10919,2024-11-02,10:45,ST008,West End,Brisbane,QLD,Australia,Green Tea,Tea,Green Tea,regular,1,4.0,4.0,,
10919,2024-11-02,10:45,ST008,West End,Brisbane,QLD,Australia,Flat White,Coffee,Milk Coffee,regular,1,4.8,4.8,,
10920,2024-11-03,09:00,ST004,George St,Sydney,NSW,Australia,Flat White,Coffee,Milk Coffee,regular,1,4.8,4.8,Grace Lewis,Gold
10921,2024-11-03,12:45,ST002,Southbank,Melbourne,VIC,Australia,Egg & Bacon Roll,Sandwich,Hot,regular,2,7.5,15.0,Liam Johnson,Silver
10921,2024-11-03,12:45,ST002,Southbank,Melbourne,VIC,Australia,Croissant,Pastry,Baked,regular,1,4.5,4.5,Liam Johnson,Silver
10921,2024-11-03,12:45,ST002,Southbank,Melbourne,VIC,Australia,Green Tea,Tea,Green Tea,regular,1,4.0,4.0,Liam Johnson,Silver
10922,2024-11-03,13:30,ST002,Southbank,Melbourne,VIC,Australia,Flat White Large,Coffee,Milk Coffee,large,2,5.5,11.0,,
10923,2024-11-04,13:00,ST008,West End,Brisbane,QLD,Australia,Espresso,Coffee,Espresso,single,2,3.5,7.0,,
10924,2024-11-04,12:00,ST012,Norwood,Adelaide,SA,Australia,Almond Croissant,Pastry,Baked,regular,1,5.5,5.5,,
10925,2024-11-04,08:15,ST012,Norwood,Adelaide,SA,Australia,Latte Large,Coffee,Milk Coffee,large,2,5.5,11.0,Henry Garcia,Gold
10925,2024-11-04,08:15,ST012,Norwood,Adelaide,SA,Australia,Cappuccino,Coffee,Milk Coffee,regular,1,4.8,4.8,Henry Garcia,Gold
10926,2024-11-04,15:45,ST005,Surry Hills,Sydney,NSW,Australia,Chocolate Cookie,Pastry,Cookie,regular,2,3.5,7.0,Ruby Scott,Bronze
10927,2024-11-05,13:15,ST003,Fitzroy,Melbourne,VIC,Australia,Matcha Latte,Tea,Specialty Tea,regular,1,5.8,5.8,,
10928,2024-11-05,09:15,ST010,Adelaide Central,Adelaide,SA,Australia,Ham & Cheese Toastie,Sandwich,Hot,regular,1,8.5,8.5,,
10929,2024-11-06,13:00,ST012,Norwood,Adelaide,SA,Australia,Iced Latte,Coffee,Cold Coffee,large,1,6.0,6.0,,
10930,2024-11-06,13:30,ST001,CBD Flagship,Melbourne,VIC,Australia,Almond Croissant,Pastry,Baked,regular,1,5.5,5.5,,
10930,2024-11-06,13:30,ST001,CBD Flagship,Melbourne,VIC,Australia,Latte Large,Coffee,Milk Coffee,large,1,5.5,5.5,,
10931,2024-11-06,12:15,ST004,George St,Sydney,NSW,Australia,Espresso,Coffee,Espresso,single,1,3.5,3.5,Lucas Thomas,Bronze
10932,2024-11-07,08:00,ST007,Queen St Mall,Brisbane,QLD,Australia,Cappuccino,Coffee,Milk Coffee,regular,1,4.8,4.8,,
10932,2024-11-07,08:00,ST007,Queen St Mall,Brisbane,QLD,Australia,Sparkling Water,Beverage,Water,bottle,1,3.5,3.5,,
10933,2024-11-07,09:30,ST003,Fitzroy,Melbourne,VIC,Australia,Iced Latte,Coffee,Cold Coffee,large,1,6.0,6.0,Emma Smith,Gold
10934,2024-11-07,12:15,ST012,Norwood,Adelaide,SA,Australia,Cappuccino,Coffee,Milk Coffee,regular,1,4.8,4.8,,
10934,2024-11-07,12:15,ST012,Norwood,Adelaide,SA,Australia,Cold Brew,Coffee,Cold Coffee,large,1,5.8,5.8,,
10934,2024-11-07,12:15,ST012,Norwood,Adelaide,SA,Australia,Double Espresso,Coffee,Espresso,double,1,4.5,4.5,,
10935,2024-11-08,10:15,ST008,West End,Brisbane,QLD,Australia,Flat White Large,Coffee,Milk Coffee,large,1,5.5,5.5,James Davis,Bronze
10936,2024-11-08,08:00,ST009,Fortitude Valley,Brisbane,QLD,Australia,Smoked Salmon Bagel,Sandwich,Cold,regular,1,10.0,10.0,,
10937,2024-11-08,08:00,ST005,Surry Hills,Sydney,NSW,Australia,Double Espresso,Coffee,Espresso,double,1,4.5,4.5,,
10937,2024-11-08,08:00,ST005,Surry Hills,Sydney,NSW,Australia,Latte,Coffee,Milk Coffee,regular,1,4.8,4.8,,
10938,2024-11-08,08:00,ST012,Norwood,Adelaide,SA,Australia,Flat White,Coffee,Milk Coffee,regular,1,4.8,4.8,,
10939,2024-11-09,19:15,ST002,Southbank,Melbourne,VIC,Australia,Chocolate Cookie,Pastry,Cookie,regular,2,3.5,7.0,,
10939,2024-11-09,19:15,ST002,Southbank,Melbourne,VIC,Australia,Croissant,Pastry,Baked,regular,1,4.5,4.5,,
10939,2024-11-09,19:15,ST002,Southbank,Melbourne,VIC,Australia,Banana Bread,Pastry,Bread,slice,1,5.0,5.0,,
10940,2024-11-09,09:45,ST007,Queen St Mall,Brisbane,QLD,Australia,Croissant,Pastry,Baked,regular,2,4.5,9.0,Liam Johnson,Silver
10941,2024-11-09,10:30,ST005,Surry Hills,Sydney,NSW,Australia,Cold Brew,Coffee,Cold Coffee,large,1,5.8,5.8,,
10942,2024-11-09,08:00,ST010,Adelaide Central,Adelaide,SA,Australia,Latte Large,Coffee,Milk Coffee,large,1,5.5,5.5,,
10943,2024-11-10,14:30,ST010,Adelaide Central,Adelaide,SA,Australia,Cappuccino,Coffee,Milk Coffee,regular,1,4.8,4.8,,
10943,2024-11-10,14:30,ST010,Adelaide Central,Adelaide,SA,Australia,Flat White,Coffee,Milk Coffee,regular,2,4.8,9.6,,
10944,2024-11-10,08:15,ST002,Southbank,Melbourne,VIC,Australia,Chicken Pesto Panini,Sandwich,Hot,regular,2,9.5,19.0,,
10944,2024-11-10,08:15,ST002,Southbank,Melbourne,VIC,Australia,Croissant,Pastry,Baked,regular,1,4.5,4.5,,
10945,2024-11-10,18:45,ST004,George St,Sydney,NSW,Australia,Cappuccino,Coffee,Milk Coffee,regular,2,4.8,9.6,,
10946,2024-11-10,07:45,ST009,Fortitude Valley,Brisbane,QLD,Australia,Flat White Large,Coffee,Milk Coffee,large,1,5.5,5.5,Mia Moore,Bronze
10946,2024-11-10,07:45,ST009,Fortitude Valley,Brisbane,QLD,Australia,Latte,Coffee,Milk Coffee,regular,1,4.8,4.8,Mia Moore,Bronze
10947,2024-11-11,13:45,ST012,Norwood,Adelaide,SA,Australia,Chocolate Cookie,Pastry,Cookie,regular,2,3.5,7.0,,
10948,2024-11-11,07:00,ST012,Norwood,Adelaide,SA,Australia,Chocolate Cookie,Pastry,Cookie,regular,2,3.5,7.0,Isabella Anderson,Silver
10949,2024-11-11,09:15,ST004,George St,Sydney,NSW,Australia,Chai Latte,Tea,Specialty Tea,regular,1,5.2,5.2,,
10949,2024-11-11,09:15,ST004,George St,Sydney,NSW,Australia,Flat White,Coffee,Milk Coffee,regular,2,4.8,9.6,,
10950,2024-11-11,16:45,ST004,George St,Sydney,NSW,Australia,Blueberry Muffin,Pastry,Muffin,regular,1,4.8,4.8,Ella Robinson,Silver
10951,2024-11-12,07:45,ST011,Glenelg,Adelaide,SA,Australia,Espresso,Coffee,Espresso,single,1,3.5,3.5,Oliver Wilson,Silver
10952,2024-11-12,13:30,ST004,George St,Sydney,NSW,Australia,Latte,Coffee,Milk Coffee,regular,2,4.8,9.6,,
10952,2024-11-12,13:30,ST004,George St,Sydney,NSW,Australia,Iced Latte,Coffee,Cold Coffee,large,1,6.0,6.0,,
10953,2024-11-12,11:15,ST006,Bondi,Sydney,NSW,Australia,Matcha Latte,Tea,Specialty Tea,regular,1,5.8,5.8,,
10953,2024-11-12,11:15,ST006,Bondi,Sydney,NSW,Australia,Double Espresso,Coffee,Espresso,double,1,4.5,4.5,,
10954,2024-11-12,09:45,ST009,Fortitude Valley,Brisbane,QLD,Australia,Banana Bread,Pastry,Bread,slice,2,5.0,10.0,,
10955,2024-11-13,14:15,ST008,West End,Brisbane,QLD,Australia,Double Espresso,Coffee,Espresso,double,1,4.5,4.5,Lucas Thomas,Bronze
10955,2024-11-13,14:15,ST008,West End,Brisbane,QLD,Australia,Cold Brew,Coffee,Cold Coffee,large,1,5.8,5.8,Lucas Thomas,Bronze
10956,2024-11-13,07:30,ST006,Bondi,Sydney,NSW,Australia,Espresso,Coffee,Espresso,single,1,3.5,3.5,,
10957,2024-11-13,08:30,ST002,Southbank,Melbourne,VIC,Australia,Banana Bread,Pastry,Bread,slice,1,5.0,5.0,Mia Moore,Bronze
10958,2024-11-14,14:15,ST002,Southbank,Melbourne,VIC,Australia,Smoked Salmon Bagel,Sandwich,Cold,regular,1,10.0,10.0,,
10958,2024-11-14,14:15,ST002,Southbank,Melbourne,VIC,Australia,Flat White Large,Coffee,Milk Coffee,large,1,5.5,5.5,,
10959,2024-11-14,12:30,ST003,Fitzroy,Melbourne,VIC,Australia,Flat White Large,Coffee,Milk Coffee,large,1,5.5,5.5,,
10959,2024-11-14,12:30,ST003,Fitzroy,Melbourne,VIC,Australia,Chai Latte,Tea,Specialty Tea,regular,1,5.2,5.2,,
10959,2024-11-14,12:30,ST003,Fitzroy,Melbourne,VIC,Australia,Flat White,Coffee,Milk Coffee,regular,1,4.8,4.8,,
10960,2024-11-14,08:45,ST001,CBD Flagship,Melbourne,VIC,Australia,Latte Large,Coffee,Milk Coffee,large,1,5.5,5.5,Leo Lee,Silver
10961,2024-11-14,17:30,ST012,Norwood,Adelaide,SA,Australia,Iced Latte,Coffee,Cold Coffee,large,1,6.0,6.0,,
10961,2024-11-14,17:30,ST012,Norwood,Adelaide,SA,Australia,Flat White Large,Coffee,Milk Coffee,large,1,5.5,5.5,,
10961,2024-11-14,17:30,ST012,Norwood,Adelaide,SA,Australia,Flat White,Coffee,Milk Coffee,regular,1,4.8,4.8,,
10962,2024-11-15,09:00,ST012,Norwood,Adelaide,SA,Australia,Earl Grey,Tea,Black Tea,regular,1,4.0,4.0,Ruby Scott,Bronze
10962,2024-11-15,09:00,ST012,Norwood,Adelaide,SA,Australia,Flat White Large,Coffee,Milk Coffee,large,1,5.5,5.5,Ruby Scott,Bronze
10963,2024-11-15,09:15,ST009,Fortitude Valley,Brisbane,QLD,Australia,Veggie Wrap,Sandwich,Cold,regular,1,8.0,8.0,,
10964,2024-11-15,19:00,ST010,Adelaide Central,Adelaide,SA,Australia,Sparkling Water,Beverage,Water,bottle,2,3.5,7.0,,
10965,2024-11-16,12:15,ST006,Bondi,Sydney,NSW,Australia,Chocolate Cookie,Pastry,Cookie,regular,2,3.5,7.0,,
10966,2024-11-16,14:00,ST012,Norwood,Adelaide,SA,Australia,Double Espresso,Coffee,Espresso,double,1,4.5,4.5,,
10967,2024-11-17,08:15,ST007,Queen St Mall,Brisbane,QLD,Australia,Croissant,Pastry,Baked,regular,2,4.5,9.0,Lucas Thomas,Bronze
10967,2024-11-17,08:15,ST007,Queen St Mall,Brisbane,QLD,Australia,Sparkling Water,Beverage,Water,bottle,1,3.5,3.5,Lucas Thomas,Bronze
10967,2024-11-17,08:15,ST007,Queen St Mall,Brisbane,QLD,Australia,Latte Large,Coffee,Milk Coffee,large,1,5.5,5.5,Lucas Thomas,Bronze
10968,2024-11-17,10:45,ST011,Glenelg,Adelaide,SA,Australia,Chai Latte,Tea,Specialty Tea,regular,1,5.2,5.2,,
10968,2024-11-17,10:45,ST011,Glenelg,Adelaide,SA,Australia,Veggie Wrap,Sandwich,Cold,regular,1,8.0,8.0,,
10969,2024-11-17,07:45,ST009,Fortitude Valley,Brisbane,QLD,Australia,Chai Latte,Tea,Specialty Tea,regular,1,5.2,5.2,Charlotte Jackson,Gold
10970,2024-11-17,13:30,ST012,Norwood,Adelaide,SA,Australia,Latte Large,Coffee,Milk Coffee,large,1,5.5,5.5,,
10971,2024-11-17,14:00,ST012,Norwood,Adelaide,SA,Australia,Cappuccino,Coffee,Milk Coffee,regular,1,4.8,4.8,Ruby Scott,Bronze
10971,2024-11-17,14:00,ST012,Norwood,Adelaide,SA,Australia,Blueberry Muffin,Pastry,Muffin,regular,1,4.8,4.8,Ruby Scott,Bronze
10972,2024-11-18,15:45,ST003,Fitzroy,Melbourne,VIC,Australia,Iced Latte,Coffee,Cold Coffee,large,1,6.0,6.0,,
10972,2024-11-18,15:45,ST003,Fitzroy,Melbourne,VIC,Australia,Espresso,Coffee,Espresso,single,1,3.5,3.5,,
10972,2024-11-18,15:45,ST003,Fitzroy,Melbourne,VIC,Australia,Matcha Latte,Tea,Specialty Tea,regular,1,5.8,5.8,,
10973,2024-11-18,08:45,ST001,CBD Flagship,Melbourne,VIC,Australia,English Breakfast,Tea,Black Tea,regular,1,4.0,4.0,William Taylor,Gold
10973,2024-11-18,08:45,ST001,CBD Flagship,Melbourne,VIC,Australia,Cold Brew,Coffee,Cold Coffee,large,1,5.8,5.8,William Taylor,Gold
10973,2024-11-18,08:45,ST001,CBD Flagship,Melbourne,VIC,Australia,Croissant,Pastry,Baked,regular,1,4.5,4.5,William Taylor,Gold
10974,2024-11-18,08:15,ST006,Bondi,Sydney,NSW,Australia,Latte,Coffee,Milk Coffee,regular,1,4.8,4.8,,
10974,2024-11-18,08:15,ST006,Bondi,Sydney,NSW,Australia,Long Black,Coffee,Black Coffee,regular,1,4.2,4.2,,
10975,2024-11-18,17:30,ST012,Norwood,Adelaide,SA,Australia,Flat White Large,Coffee,Milk Coffee,large,1,5.5,5.5,Grace Lewis,Gold
10975,2024-11-18,17:30,ST012,Norwood,Adelaide,SA,Australia,Flat White,Coffee,Milk Coffee,regular,1,4.8,4.8,Grace Lewis,Gold
10975,2024-11-18,17:30,ST012,Norwood,Adelaide,SA,Australia,Espresso,Coffee,Espresso,single,1,3.5,3.5,Grace Lewis,Gold
10976,2024-11-19,07:15,ST009,Fortitude Valley,Brisbane,QLD,Australia,Double Espresso,Coffee,Espresso,double,1,4.5,4.5,Oliver Wilson,Silver
10977,2024-11-19,13:00,ST004,George St,Sydney,NSW,Australia,Flat White Large,Coffee,Milk Coffee,large,1,5.5,5.5,,
10977,2024-11-19,13:00,ST004,George St,Sydney,NSW,Australia,Chicken Pesto Panini,Sandwich,Hot,regular,1,9.5,9.5,,
10978,2024-11-19,14:00,ST005,Surry Hills,Sydney,NSW,Australia,Banana Bread,Pastry,Bread,slice,1,5.0,5.0,,
10979,2024-11-19,07:30,ST010,Adelaide Central,Adelaide,SA,Australia,Iced Latte,Coffee,Cold Coffee,large,1,6.0,6.0,Ava Jones,Silver
10979,2024-11-19,07:30,ST010,Adelaide Central,Adelaide,SA,Australia,Cappuccino,Coffee,Milk Coffee,regular,1,4.8,4.8,Ava Jones,Silver
10980,2024-11-20,08:00,ST012,Norwood,Adelaide,SA,Australia,Latte Large,Coffee,Milk Coffee,large,1,5.5,5.5,,
10981,2024-11-20,09:30,ST001,CBD Flagship,Melbourne,VIC,Australia,Egg & Bacon Roll,Sandwich,Hot,regular,2,7.5,15.0,Ben Hall,Silver
10981,2024-11-20,09:30,ST001,CBD Flagship,Melbourne,VIC,Australia,Latte Large,Coffee,Milk Coffee,large,1,5.5,5.5,Ben Hall,Silver
10982,2024-11-20,11:00,ST007,Queen St Mall,Brisbane,QLD,Australia,English Breakfast,Tea,Black Tea,regular,1,4.0,4.0,,
10982,2024-11-20,11:00,ST007,Queen St Mall,Brisbane,QLD,Australia,Matcha Latte,Tea,Specialty Tea,regular,1,5.8,5.8,,
10983,2024-11-20,15:00,ST008,West End,Brisbane,QLD,Australia,Almond Croissant,Pastry,Baked,regular,1,5.5,5.5,,
10983,2024-11-20,15:00,ST008,West End,Brisbane,QLD,Australia,Espresso,Coffee,Espresso,single,1,3.5,3.5,,
10984,2024-11-21,07:30,ST009,Fortitude Valley,Brisbane,QLD,Australia,Double Espresso,Coffee,Espresso,double,1,4.5,4.5,,
10984,2024-11-21,07:30,ST009,Fortitude Valley,Brisbane,QLD,Australia,Flat White,Coffee,Milk Coffee,regular,1,4.8,4.8,,
10984,2024-11-21,07:30,ST009,Fortitude Valley,Brisbane,QLD,Australia,Matcha Latte,Tea,Specialty Tea,regular,1,5.8,5.8,,
10985,2024-11-21,11:30,ST001,CBD Flagship,Melbourne,VIC,Australia,English Breakfast,Tea,Black Tea,regular,1,4.0,4.0,,
10985,2024-11-21,11:30,ST001,CBD Flagship,Melbourne,VIC,Australia,Double Espresso,Coffee,Espresso,double,1,4.5,4.5,,
10986,2024-11-22,15:45,ST010,Adelaide Central,Adelaide,SA,Australia,Latte,Coffee,Milk Coffee,regular,1,4.8,4.8,Henry Garcia,Gold
10987,2024-11-22,13:45,ST012,Norwood,Adelaide,SA,Australia,Latte,Coffee,Milk Coffee,regular,1,4.8,4.8,,
10987,2024-11-22,13:45,ST012,Norwood,Adelaide,SA,Australia,Flat White Large,Coffee,Milk Coffee,large,1,5.5,5.5,,
10988,2024-11-22,08:30,ST010,Adelaide Central,Adelaide,SA,Australia,Espresso,Coffee,Espresso,single,1,3.5,3.5,,
10989,2024-11-22,18:45,ST012,Norwood,Adelaide,SA,Australia,Banana Bread,Pastry,Bread,slice,1,5.0,5.0,,
10990,2024-11-23,11:30,ST006,Bondi,Sydney,NSW,Australia,Flat White,Coffee,Milk Coffee,regular,1,4.8,4.8,Jack Martin,Silver
10991,2024-11-23,07:15,ST009,Fortitude Valley,Brisbane,QLD,Australia,Chai Latte,Tea,Specialty Tea,regular,1,5.2,5.2,Max Young,Bronze
10991,2024-11-23,07:15,ST009,Fortitude Valley,Brisbane,QLD,Australia,Iced Latte,Coffee,Cold Coffee,large,1,6.0,6.0,Max Young,Bronze
10991,2024-11-23,07:15,ST009,Fortitude Valley,Brisbane,QLD,Australia,Flat White Large,Coffee,Milk Coffee,large,1,5.5,5.5,Max Young,Bronze
10992,2024-11-24,18:45,ST009,Fortitude Valley,Brisbane,QLD,Australia,Double Espresso,Coffee,Espresso,double,1,4.5,4.5,Ella Robinson,Silver
10993,2024-11-24,16:30,ST008,West End,Brisbane,QLD,Australia,Double Espresso,Coffee,Espresso,double,1,4.5,4.5,Liam Johnson,Silver
10993,2024-11-24,16:30,ST008,West End,Brisbane,QLD,Australia,Espresso,Coffee,Espresso,single,1,3.5,3.5,Liam Johnson,Silver
10994,2024-11-24,18:00,ST008,West End,Brisbane,QLD,Australia,Chai Latte,Tea,Specialty Tea,regular,1,5.2,5.2,,
10995,2024-11-24,14:30,ST004,George St,Sydney,NSW,Australia,Cappuccino,Coffee,Milk Coffee,regular,1,4.8,4.8,Lily King,Silver
10995,2024-11-24,14:30,ST004,George St,Sydney,NSW,Australia,Hot Chocolate,Beverage,Chocolate,regular,2,5.0,10.0,Lily King,Silver
10996,2024-11-25,08:00,ST007,Queen St Mall,Brisbane,QLD,Australia,Flat White Large,Coffee,Milk Coffee,large,1,5.5,5.5,Harper Thompson,Bronze
10997,2024-11-25,08:30,ST006,Bondi,Sydney,NSW,Australia,Cold Brew,Coffee,Cold Coffee,large,2,5.8,11.6,Ben Hall,Silver
10997,2024-11-25,08:30,ST006,Bondi,Sydney,NSW,Australia,Cappuccino,Coffee,Milk Coffee,regular,1,4.8,4.8,Ben Hall,Silver
10998,2024-11-26,14:00,ST009,Fortitude Valley,Brisbane,QLD,Australia,Double Espresso,Coffee,Espresso,double,1,4.5,4.5,,
10998,2024-11-26,14:00,ST009,Fortitude Valley,Brisbane,QLD,Australia,Chicken Pesto Panini,Sandwich,Hot,regular,1,9.5,9.5,,
10999,2024-11-26,08:15,ST012,Norwood,Adelaide,SA,Australia,Almond Croissant,Pastry,Baked,regular,1,5.5,5.5,Noah Brown,Gold
11000,2024-11-26,09:30,ST003,Fitzroy,Melbourne,VIC,Australia,Chai Latte,Tea,Specialty Tea,regular,1,5.2,5.2,,
11000,2024-11-26,09:30,ST003,Fitzroy,Melbourne,VIC,Australia,Cold Brew,Coffee,Cold Coffee,large,1,5.8,5.8,,
11001,2024-11-27,18:45,ST011,Glenelg,Adelaide,SA,Australia,Earl Grey,Tea,Black Tea,regular,1,4.0,4.0,,
11002,2024-11-27,18:15,ST006,Bondi,Sydney,NSW,Australia,Green Tea,Tea,Green Tea,regular,1,4.0,4.0,,
11003,2024-11-28,12:15,ST008,West End,Brisbane,QLD,Australia,Iced Latte,Coffee,Cold Coffee,large,1,6.0,6.0,,
11003,2024-11-28,12:15,ST008,West End,Brisbane,QLD,Australia,Flat White,Coffee,Milk Coffee,regular,2,4.8,9.6,,
11003,2024-11-28,12:15,ST008,West End,Brisbane,QLD,Australia,Cappuccino,Coffee,Milk Coffee,regular,1,4.8,4.8,,
11004,2024-11-28,08:30,ST010,Adelaide Central,Adelaide,SA,Australia,Latte,Coffee,Milk Coffee,regular,1,4.8,4.8,,
11004,2024-11-28,08:30,ST010,Adelaide Central,Adelaide,SA,Australia,Flat White,Coffee,Milk Coffee,regular,1,4.8,4.8,,
11004,2024-11-28,08:30,ST010,Adelaide Central,Adelaide,SA,Australia,Blueberry Muffin,Pastry,Muffin,regular,1,4.8,4.8,,
11005,2024-11-29,14:15,ST004,George St,Sydney,NSW,Australia,English Breakfast,Tea,Black Tea,regular,1,4.0,4.0,,
11006,2024-11-29,09:00,ST011,Glenelg,Adelaide,SA,Australia,Matcha Latte,Tea,Specialty Tea,regular,1,5.8,5.8,,
11007,2024-11-29,19:45,ST012,Norwood,Adelaide,SA,Australia,Ham & Cheese Toastie,Sandwich,Hot,regular,1,8.5,8.5,Henry Garcia,Gold
11007,2024-11-29,19:45,ST012,Norwood,Adelaide,SA,Australia,Flat White,Coffee,Milk Coffee,regular,1,4.8,4.8,Henry Garcia,Gold
11008,2024-11-29,08:00,ST003,Fitzroy,Melbourne,VIC,Australia,Cappuccino,Coffee,Milk Coffee,regular,1,4.8,4.8,,
11009,2024-11-30,07:00,ST005,Surry Hills,Sydney,NSW,Australia,Latte Large,Coffee,Milk Coffee,large,2,5.5,11.0,,
11010,2024-11-30,09:00,ST002,Southbank,Melbourne,VIC,Australia,Orange Juice,Beverage,Juice,regular,2,5.5,11.0,Ella Robinson,Silver
11010,2024-11-30,09:00,ST002,Southbank,Melbourne,VIC,Australia,Espresso,Coffee,Espresso,single,1,3.5,3.5,Ella Robinson,Silver
11011,2024-11-30,14:00,ST003,Fitzroy,Melbourne,VIC,Australia,Cold Brew,Coffee,Cold Coffee,large,1,5.8,5.8,Ava Jones,Silver
11012,2024-12-01,12:15,ST009,Fortitude Valley,Brisbane,QLD,Australia,Latte,Coffee,Milk Coffee,regular,2,4.8,9.6,,
11012,2024-12-01,12:15,ST009,Fortitude Valley,Brisbane,QLD,Australia,Latte Large,Coffee,Milk Coffee,large,1,5.5,5.5,,
11012,2024-12-01,12:15,ST009,Fortitude Valley,Brisbane,QLD,Australia,Double Espresso,Coffee,Espresso,double,1,4.5,4.5,,
11013,2024-12-01,08:15,ST006,Bondi,Sydney,NSW,Australia,Cold Brew,Coffee,Cold Coffee,large,1,5.8,5.8,,
11014,2024-12-02,11:45,ST010,Adelaide Central,Adelaide,SA,Australia,Matcha Latte,Tea,Specialty Tea,regular,1,5.8,5.8,,
11014,2024-12-02,11:45,ST010,Adelaide Central,Adelaide,SA,Australia,Espresso,Coffee,Espresso,single,2,3.5,7.0,,
11015,2024-12-02,12:30,ST007,Queen St Mall,Brisbane,QLD,Australia,Cappuccino,Coffee,Milk Coffee,regular,1,4.8,4.8,,
11016,2024-12-03,13:45,ST003,Fitzroy,Melbourne,VIC,Australia,Long Black,Coffee,Black Coffee,regular,1,4.2,4.2,,
11016,2024-12-03,13:45,ST003,Fitzroy,Melbourne,VIC,Australia,Iced Latte,Coffee,Cold Coffee,large,1,6.0,6.0,,
11017,2024-12-03,07:45,ST002,Southbank,Melbourne,VIC,Australia,Blueberry Muffin,Pastry,Muffin,regular,1,4.8,4.8,,
11017,2024-12-03,07:45,ST002,Southbank,Melbourne,VIC,Australia,Cold Brew,Coffee,Cold Coffee,large,1,5.8,5.8,,
11018,2024-12-03,10:30,ST004,George St,Sydney,NSW,Australia,Earl Grey,Tea,Black Tea,regular,1,4.0,4.0,Ella Robinson,Silver
11019,2024-12-04,07:15,ST001,CBD Flagship,Melbourne,VIC,Australia,Espresso,Coffee,Espresso,single,1,3.5,3.5,,
11019,2024-12-04,07:15,ST001,CBD Flagship,Melbourne,VIC,Australia,Flat White,Coffee,Milk Coffee,regular,1,4.8,4.8,,
11020,2024-12-04,09:15,ST003,Fitzroy,Melbourne,VIC,Australia,Espresso,Coffee,Espresso,single,1,3.5,3.5,,
11020,2024-12-04,09:15,ST003,Fitzroy,Melbourne,VIC,Australia,Veggie Wrap,Sandwich,Cold,regular,1,8.0,8.0,,
11021,2024-12-04,13:00,ST009,Fortitude Valley,Brisbane,QLD,Australia,Cappuccino,Coffee,Milk Coffee,regular,2,4.8,9.6,,
11021,2024-12-04,13:00,ST009,Fortitude Valley,Brisbane,QLD,Australia,Iced Latte,Coffee,Cold Coffee,large,1,6.0,6.0,,
11021,2024-12-04,13:00,ST009,Fortitude Valley,Brisbane,QLD,Australia,Espresso,Coffee,Espresso,single,2,3.5,7.0,,
11022,2024-12-05,17:00,ST004,George St,Sydney,NSW,Australia,Smoked Salmon Bagel,Sandwich,Cold,regular,1,10.0,10.0,,
11022,2024-12-05,17:00,ST004,George St,Sydney,NSW,Australia,Chai Latte,Tea,Specialty Tea,regular,1,5.2,5.2,,
11023,2024-12-05,19:15,ST006,Bondi,Sydney,NSW,Australia,Latte Large,Coffee,Milk Coffee,large,1,5.5,5.5,Lucas Thomas,Bronze
11024,2024-12-05,09:30,ST001,CBD Flagship,Melbourne,VIC,Australia,Cappuccino,Coffee,Milk Coffee,regular,1,4.8,4.8,,
11025,2024-12-06,12:15,ST005,Surry Hills,Sydney,NSW,Australia,Green Tea,Tea,Green Tea,regular,1,4.0,4.0,,
11026,2024-12-06,17:15,ST001,CBD Flagship,Melbourne,VIC,Australia,Long Black,Coffee,Black Coffee,regular,1,4.2,4.2,James Davis,Bronze
11027,2024-12-06,13:15,ST002,Southbank,Melbourne,VIC,Australia,Chicken Pesto Panini,Sandwich,Hot,regular,1,9.5,9.5,Sam Wright,Gold
11028,2024-12-06,13:45,ST011,Glenelg,Adelaide,SA,Australia,Cold Brew,Coffee,Cold Coffee,large,1,5.8,5.8,Harper Thompson,Bronze
11029,2024-12-07,12:30,ST008,West End,Brisbane,QLD,Australia,Earl Grey,Tea,Black Tea,regular,1,4.0,4.0,Charlotte Jackson,Gold
11029,2024-12-07,12:30,ST008,West End,Brisbane,QLD,Australia,Espresso,Coffee,Espresso,single,2,3.5,7.0,Charlotte Jackson,Gold
11030,2024-12-07,16:30,ST011,Glenelg,Adelaide,SA,Australia,Latte,Coffee,Milk Coffee,regular,1,4.8,4.8,Harper Thompson,Bronze
11030,2024-12-07,16:30,ST011,Glenelg,Adelaide,SA,Australia,Chocolate Cookie,Pastry,Cookie,regular,1,3.5,3.5,Harper Thompson,Bronze
11030,2024-12-07,16:30,ST011,Glenelg,Adelaide,SA,Australia,Latte Large,Coffee,Milk Coffee,large,1,5.5,5.5,Harper Thompson,Bronze
11031,2024-12-07,07:00,ST012,Norwood,Adelaide,SA,Australia,Latte,Coffee,Milk Coffee,regular,1,4.8,4.8,,
11031,2024-12-07,07:00,ST012,Norwood,Adelaide,SA,Australia,Orange Juice,Beverage,Juice,regular,1,5.5,5.5,,
11032,2024-12-07,08:15,ST005,Surry Hills,Sydney,NSW,Australia,Double Espresso,Coffee,Espresso,double,1,4.5,4.5,,
11033,2024-12-08,19:15,ST005,Surry Hills,Sydney,NSW,Australia,Cappuccino,Coffee,Milk Coffee,regular,1,4.8,4.8,Amelia Harris,Bronze
11033,2024-12-08,19:15,ST005,Surry Hills,Sydney,NSW,Australia,Matcha Latte,Tea,Specialty Tea,regular,1,5.8,5.8,Amelia Harris,Bronze
11033,2024-12-08,19:15,ST005,Surry Hills,Sydney,NSW,Australia,Cold Brew,Coffee,Cold Coffee,large,1,5.8,5.8,Amelia Harris,Bronze
11034,2024-12-08,07:15,ST002,Southbank,Melbourne,VIC,Australia,Almond Croissant,Pastry,Baked,regular,1,5.5,5.5,,
11035,2024-12-08,12:45,ST008,West End,Brisbane,QLD,Australia,Egg & Bacon Roll,Sandwich,Hot,regular,1,7.5,7.5,,
11036,2024-12-08,15:15,ST001,CBD Flagship,Melbourne,VIC,Australia,Cappuccino,Coffee,Milk Coffee,regular,1,4.8,4.8,Chloe Walker,Bronze
11036,2024-12-08,15:15,ST001,CBD Flagship,Melbourne,VIC,Australia,Long Black,Coffee,Black Coffee,regular,1,4.2,4.2,Chloe Walker,Bronze
11036,2024-12-08,15:15,ST001,CBD Flagship,Melbourne,VIC,Australia,Blueberry Muffin,Pastry,Muffin,regular,1,4.8,4.8,Chloe Walker,Bronze
11037,2024-12-09,07:00,ST010,Adelaide Central,Adelaide,SA,Australia,Blueberry Muffin,Pastry,Muffin,regular,1,4.8,4.8,,
11038,2024-12-09,18:15,ST004,George St,Sydney,NSW,Australia,Espresso,Coffee,Espresso,single,1,3.5,3.5,,
11038,2024-12-09,18:15,ST004,George St,Sydney,NSW,Australia,Latte,Coffee,Milk Coffee,regular,1,4.8,4.8,,
11039,2024-12-10,08:45,ST009,Fortitude Valley,Brisbane,QLD,Australia,Long Black,Coffee,Black Coffee,regular,1,4.2,4.2,Charlotte Jackson,Gold
11039,2024-12-10,08:45,ST009,Fortitude Valley,Brisbane,QLD,Australia,Flat White Large,Coffee,Milk Coffee,large,1,5.5,5.5,Charlotte Jackson,Gold
11040,2024-12-10,16:15,ST004,George St,Sydney,NSW,Australia,Iced Latte,Coffee,Cold Coffee,large,2,6.0,12.0,Ella Robinson,Silver
11040,2024-12-10,16:15,ST004,George St,Sydney,NSW,Australia,Cappuccino,Coffee,Milk Coffee,regular,1,4.8,4.8,Ella Robinson,Silver
11041,2024-12-11,12:15,ST005,Surry Hills,Sydney,NSW,Australia,Iced Latte,Coffee,Cold Coffee,large,1,6.0,6.0,Ava Jones,Silver
11042,2024-12-11,13:00,ST007,Queen St Mall,Brisbane,QLD,Australia,Latte Large,Coffee,Milk Coffee,large,1,5.5,5.5,Tom Green,Silver
11042,2024-12-11,13:00,ST007,Queen St Mall,Brisbane,QLD,Australia,English Breakfast,Tea,Black Tea,regular,1,4.0,4.0,Tom Green,Silver
11043,2024-12-12,07:15,ST007,Queen St Mall,Brisbane,QLD,Australia,Cold Brew,Coffee,Cold Coffee,large,1,5.8,5.8,,
11043,2024-12-12,07:15,ST007,Queen St Mall,Brisbane,QLD,Australia,Double Espresso,Coffee,Espresso,double,1,4.5,4.5,,
11044,2024-12-12,07:45,ST012,Norwood,Adelaide,SA,Australia,Almond Croissant,Pastry,Baked,regular,1,5.5,5.5,Noah Brown,Gold
11044,2024-12-12,07:45,ST012,Norwood,Adelaide,SA,Australia,Long Black,Coffee,Black Coffee,regular,1,4.2,4.2,Noah Brown,Gold
11045,2024-12-13,13:45,ST004,George St,Sydney,NSW,Australia,Chocolate Cookie,Pastry,Cookie,regular,1,3.5,3.5,,
11046,2024-12-13,09:15,ST008,West End,Brisbane,QLD,Australia,Cappuccino,Coffee,Milk Coffee,regular,1,4.8,4.8,Lucas Thomas,Bronze
11047,2024-12-14,13:30,ST005,Surry Hills,Sydney,NSW,Australia,Veggie Wrap,Sandwich,Cold,regular,1,8.0,8.0,Chloe Walker,Bronze
11047,2024-12-14,13:30,ST005,Surry Hills,Sydney,NSW,Australia,Latte,Coffee,Milk Coffee,regular,1,4.8,4.8,Chloe Walker,Bronze
11047,2024-12-14,13:30,ST005,Surry Hills,Sydney,NSW,Australia,Almond Croissant,Pastry,Baked,regular,1,5.5,5.5,Chloe Walker,Bronze
11048,2024-12-14,13:45,ST005,Surry Hills,Sydney,NSW,Australia,Cappuccino,Coffee,Milk Coffee,regular,1,4.8,4.8,Henry Garcia,Gold
11049,2024-12-14,11:45,ST008,West End,Brisbane,QLD,Australia,Double Espresso,Coffee,Espresso,double,1,4.5,4.5,,
11049,2024-12-14,11:45,ST008,West End,Brisbane,QLD,Australia,Chai Latte,Tea,Specialty Tea,regular,1,5.2,5.2,,
11050,2024-12-14,12:00,ST006,Bondi,Sydney,NSW,Australia,Long Black,Coffee,Black Coffee,regular,1,4.2,4.2,,
11051,2024-12-15,08:45,ST007,Queen St Mall,Brisbane,QLD,Australia,Banana Bread,Pastry,Bread,slice,1,5.0,5.0,Oliver Wilson,Silver
11051,2024-12-15,08:45,ST007,Queen St Mall,Brisbane,QLD,Australia,Flat White Large,Coffee,Milk Coffee,large,1,5.5,5.5,Oliver Wilson,Silver
11052,2024-12-15,15:45,ST011,Glenelg,Adelaide,SA,Australia,Chai Latte,Tea,Specialty Tea,regular,1,5.2,5.2,Lily King,Silver
11052,2024-12-15,15:45,ST011,Glenelg,Adelaide,SA,Australia,Flat White Large,Coffee,Milk Coffee,large,1,5.5,5.5,Lily King,Silver
11052,2024-12-15,15:45,ST011,Glenelg,Adelaide,SA,Australia,Double Espresso,Coffee,Espresso,double,1,4.5,4.5,Lily King,Silver
11053,2024-12-15,14:45,ST007,Queen St Mall,Brisbane,QLD,Australia,Double Espresso,Coffee,Espresso,double,1,4.5,4.5,,
11054,2024-12-15,07:15,ST007,Queen St Mall,Brisbane,QLD,Australia,Long Black,Coffee,Black Coffee,regular,1,4.2,4.2,,
11055,2024-12-16,07:30,ST005,Surry Hills,Sydney,NSW,Australia,Earl Grey,Tea,Black Tea,regular,1,4.0,4.0,,
11055,2024-12-16,07:30,ST005,Surry Hills,Sydney,NSW,Australia,Cappuccino,Coffee,Milk Coffee,regular,1,4.8,4.8,,
11056,2024-12-16,13:15,ST004,George St,Sydney,NSW,Australia,Chocolate Cookie,Pastry,Cookie,regular,1,3.5,3.5,,
11056,2024-12-16,13:15,ST004,George St,Sydney,NSW,Australia,Double Espresso,Coffee,Espresso,double,1,4.5,4.5,,
11057,2024-12-17,13:00,ST011,Glenelg,Adelaide,SA,Australia,Latte Large,Coffee,Milk Coffee,large,2,5.5,11.0,,
11058,2024-12-17,07:15,ST006,Bondi,Sydney,NSW,Australia,Espresso,Coffee,Espresso,single,1,3.5,3.5,,
11058,2024-12-17,07:15,ST006,Bondi,Sydney,NSW,Australia,Latte Large,Coffee,Milk Coffee,large,1,5.5,5.5,,
11059,2024-12-18,13:15,ST004,George St,Sydney,NSW,Australia,Iced Latte,Coffee,Cold Coffee,large,1,6.0,6.0,Ruby Scott,Bronze
11060,2024-12-18,14:00,ST012,Norwood,Adelaide,SA,Australia,Flat White Large,Coffee,Milk Coffee,large,1,5.5,5.5,,
11060,2024-12-18,14:00,ST012,Norwood,Adelaide,SA,Australia,Espresso,Coffee,Espresso,single,1,3.5,3.5,,
11061,2024-12-19,09:30,ST010,Adelaide Central,Adelaide,SA,Australia,Earl Grey,Tea,Black Tea,regular,1,4.0,4.0,,
11062,2024-12-19,09:45,ST004,George St,Sydney,NSW,Australia,Ham & Cheese Toastie,Sandwich,Hot,regular,1,8.5,8.5,,
11062,2024-12-19,09:45,ST004,George St,Sydney,NSW,Australia,Long Black,Coffee,Black Coffee,regular,2,4.2,8.4,,
11062,2024-12-19,09:45,ST004,George St,Sydney,NSW,Australia,Cappuccino,Coffee,Milk Coffee,regular,1,4.8,4.8,,
11063,2024-12-19,12:15,ST009,Fortitude Valley,Brisbane,QLD,Australia,Latte,Coffee,Milk Coffee,regular,1,4.8,4.8,Ben Hall,Silver
11063,2024-12-19,12:15,ST009,Fortitude Valley,Brisbane,QLD,Australia,Latte Large,Coffee,Milk Coffee,large,2,5.5,11.0,Ben Hall,Silver
11063,2024-12-19,12:15,ST009,Fortitude Valley,Brisbane,QLD,Australia,Cold Brew,Coffee,Cold Coffee,large,1,5.8,5.8,Ben Hall,Silver
11064,2024-12-19,08:00,ST007,Queen St Mall,Brisbane,QLD,Australia,Matcha Latte,Tea,Specialty Tea,regular,1,5.8,5.8,,
11065,2024-12-20,07:30,ST005,Surry Hills,Sydney,NSW,Australia,Orange Juice,Beverage,Juice,regular,1,5.5,5.5,Mia Moore,Bronze
11066,2024-12-20,13:30,ST010,Adelaide Central,Adelaide,SA,Australia,Latte,Coffee,Milk Coffee,regular,1,4.8,4.8,Lucas Thomas,Bronze
11067,2024-12-21,08:15,ST011,Glenelg,Adelaide,SA,Australia,Double Espresso,Coffee,Espresso,double,2,4.5,9.0,Ava Jones,Silver
11067,2024-12-21,08:15,ST011,Glenelg,Adelaide,SA,Australia,Cappuccino,Coffee,Milk Coffee,regular,1,4.8,4.8,Ava Jones,Silver
11068,2024-12-21,08:15,ST006,Bondi,Sydney,NSW,Australia,Cold Brew,Coffee,Cold Coffee,large,1,5.8,5.8,,
11069,2024-12-21,09:15,ST012,Norwood,Adelaide,SA,Australia,Cold Brew,Coffee,Cold Coffee,large,1,5.8,5.8,,
11070,2024-12-21,11:15,ST012,Norwood,Adelaide,SA,Australia,Chocolate Cookie,Pastry,Cookie,regular,1,3.5,3.5,,
11070,2024-12-21,11:15,ST012,Norwood,Adelaide,SA,Australia,Banana Bread,Pastry,Bread,slice,2,5.0,10.0,,
11070,2024-12-21,11:15,ST012,Norwood,Adelaide,SA,Australia,Flat White,Coffee,Milk Coffee,regular,1,4.8,4.8,,
11071,2024-12-21,10:45,ST011,Glenelg,Adelaide,SA,Australia,Espresso,Coffee,Espresso,single,1,3.5,3.5,Ella Robinson,Silver
11072,2024-12-22,18:00,ST001,CBD Flagship,Melbourne,VIC,Australia,Croissant,Pastry,Baked,regular,2,4.5,9.0,Mia Moore,Bronze
11072,2024-12-22,18:00,ST001,CBD Flagship,Melbourne,VIC,Australia,Iced Latte,Coffee,Cold Coffee,large,1,6.0,6.0,Mia Moore,Bronze
11073,2024-12-22,08:00,ST008,West End,Brisbane,QLD,Australia,Green Tea,Tea,Green Tea,regular,1,4.0,4.0,Mia Moore,Bronze
11074,2024-12-22,09:30,ST009,Fortitude Valley,Brisbane,QLD,Australia,Espresso,Coffee,Espresso,single,2,3.5,7.0,Jack Martin,Silver
11074,2024-12-22,09:30,ST009,Fortitude Valley,Brisbane,QLD,Australia,Chicken Pesto Panini,Sandwich,Hot,regular,1,9.5,9.5,Jack Martin,Silver
11074,2024-12-22,09:30,ST009,Fortitude Valley,Brisbane,QLD,Australia,Sparkling Water,Beverage,Water,bottle,1,3.5,3.5,Jack Martin,Silver
11075,2024-12-23,07:15,ST009,Fortitude Valley,Brisbane,QLD,Australia,Flat White Large,Coffee,Milk Coffee,large,1,5.5,5.5,,
11075,2024-12-23,07:15,ST009,Fortitude Valley,Brisbane,QLD,Australia,Cappuccino,Coffee,Milk Coffee,regular,1,4.8,4.8,,
11076,2024-12-23,09:30,ST006,Bondi,Sydney,NSW,Australia,Cold Brew,Coffee,Cold Coffee,large,1,5.8,5.8,James Davis,Bronze
11076,2024-12-23,09:30,ST006,Bondi,Sydney,NSW,Australia,Iced Latte,Coffee,Cold Coffee,large,1,6.0,6.0,James Davis,Bronze
11077,2024-12-23,09:45,ST005,Surry Hills,Sydney,NSW,Australia,Hot Chocolate,Beverage,Chocolate,regular,1,5.0,5.0,,
11078,2024-12-24,06:15,ST002,Southbank,Melbourne,VIC,Australia,Flat White Large,Coffee,Milk Coffee,large,1,5.5,5.5,Tom Green,Silver
11079,2024-12-24,07:30,ST001,CBD Flagship,Melbourne,VIC,Australia,Iced Latte,Coffee,Cold Coffee,large,1,6.0,6.0,Tom Green,Silver
11079,2024-12-24,07:30,ST001,CBD Flagship,Melbourne,VIC,Australia,Flat White Large,Coffee,Milk Coffee,large,2,5.5,11.0,Tom Green,Silver
11080,2024-12-25,14:45,ST012,Norwood,Adelaide,SA,Australia,Latte Large,Coffee,Milk Coffee,large,1,5.5,5.5,,
11080,2024-12-25,14:45,ST012,Norwood,Adelaide,SA,Australia,Chicken Pesto Panini,Sandwich,Hot,regular,2,9.5,19.0,,
11081,2024-12-25,08:45,ST001,CBD Flagship,Melbourne,VIC,Australia,Cold Brew,Coffee,Cold Coffee,large,1,5.8,5.8,,
11082,2024-12-26,06:00,ST012,Norwood,Adelaide,SA,Australia,Latte Large,Coffee,Milk Coffee,large,1,5.5,5.5,,
11082,2024-12-26,06:00,ST012,Norwood,Adelaide,SA,Australia,Iced Latte,Coffee,Cold Coffee,large,1,6.0,6.0,,
11082,2024-12-26,06:00,ST012,Norwood,Adelaide,SA,Australia,Smoked Salmon Bagel,Sandwich,Cold,regular,1,10.0,10.0,,
11083,2024-12-26,10:45,ST011,Glenelg,Adelaide,SA,Australia,Iced Latte,Coffee,Cold Coffee,large,1,6.0,6.0,,
11084,2024-12-26,06:00,ST007,Queen St Mall,Brisbane,QLD,Australia,Matcha Latte,Tea,Specialty Tea,regular,1,5.8,5.8,Ben Hall,Silver
11085,2024-12-27,12:30,ST003,Fitzroy,Melbourne,VIC,Australia,Flat White,Coffee,Milk Coffee,regular,1,4.8,4.8,Chloe Walker,Bronze
11086,2024-12-27,09:45,ST009,Fortitude Valley,Brisbane,QLD,Australia,Flat White Large,Coffee,Milk Coffee,large,2,5.5,11.0,Lily King,Silver
11086,2024-12-27,09:45,ST009,Fortitude Valley,Brisbane,QLD,Australia,Chai Latte,Tea,Specialty Tea,regular,1,5.2,5.2,Lily King,Silver
11087,2024-12-28,08:30,ST011,Glenelg,Adelaide,SA,Australia,Ham & Cheese Toastie,Sandwich,Hot,regular,2,8.5,17.0,,
11087,2024-12-28,08:30,ST011,Glenelg,Adelaide,SA,Australia,Chicken Pesto Panini,Sandwich,Hot,regular,1,9.5,9.5,,
11087,2024-12-28,08:30,ST011,Glenelg,Adelaide,SA,Australia,Blueberry Muffin,Pastry,Muffin,regular,1,4.8,4.8,,
11088,2024-12-28,18:15,ST003,Fitzroy,Melbourne,VIC,Australia,Latte,Coffee,Milk Coffee,regular,1,4.8,4.8,,
11089,2024-12-28,17:00,ST003,Fitzroy,Melbourne,VIC,Australia,Earl Grey,Tea,Black Tea,regular,1,4.0,4.0,,
11090,2024-12-29,07:45,ST002,Southbank,Melbourne,VIC,Australia,Banana Bread,Pastry,Bread,slice,1,5.0,5.0,,
11091,2024-12-29,14:45,ST008,West End,Brisbane,QLD,Australia,Cappuccino,Coffee,Milk Coffee,regular,1,4.8,4.8,,
11091,2024-12-29,14:45,ST008,West End,Brisbane,QLD,Australia,Flat White,Coffee,Milk Coffee,regular,1,4.8,4.8,,
11092,2024-12-30,10:15,ST007,Queen St Mall,Brisbane,QLD,Australia,Iced Latte,Coffee,Cold Coffee,large,2,6.0,12.0,,
11093,2024-12-30,12:45,ST003,Fitzroy,Melbourne,VIC,Australia,Long Black,Coffee,Black Coffee,regular,1,4.2,4.2,,
11093,2024-12-30,12:45,ST003,Fitzroy,Melbourne,VIC,Australia,Egg & Bacon Roll,Sandwich,Hot,regular,1,7.5,7.5,,
11094,2024-12-30,19:45,ST009,Fortitude Valley,Brisbane,QLD,Australia,Iced Latte,Coffee,Cold Coffee,large,1,6.0,6.0,,
11094,2024-12-30,19:45,ST009,Fortitude Valley,Brisbane,QLD,Australia,Green Tea,Tea,Green Tea,regular,1,4.0,4.0,,
11095,2024-12-31,08:00,ST008,West End,Brisbane,QLD,Australia,Cappuccino,Coffee,Milk Coffee,regular,1,4.8,4.8,,
11096,2024-12-31,08:30,ST005,Surry Hills,Sydney,NSW,Australia,Double Espresso,Coffee,Espresso,double,1,4.5,4.5,Ethan White,Silver
